# algorithm	order	size	arrays	iteration	timeNs	FIXED_CYCLES	FIXED_INSTRUCTIONS	INST_BRANCH_COND	BRANCH_COND_MISPRED_NONSPEC	INST_INT_LD	L1D_CACHE_MISS_LD_NONSPEC	LDST_UNIT_WAITING_OLD_L1D_CACHE_MISS	L1D_TLB_MISS_NONSPEC
Heapsort	random	1024	4096	1	146044584	669176225	1622399246	408027390	22585906	298894337	85198	210797	536
BottomUpHeapsort	random	1024	4096	1	151307375	693139021	1319837733	237623743	3340150	289474510	165256	4291812	1014
Heapsort	ascending	1024	4096	1	46415708	212321563	1724598251	435054219	112955	315636271	1211038	676764	2590
BottomUpHeapsort	ascending	1024	4096	1	140527000	644918172	1380003378	256648719	553401	298814285	514388	2678569	2878
Heapsort	descending	1024	4096	1	41759334	191941629	1510219510	387100762	71014	278652697	1094833	377673	709
BottomUpHeapsort	descending	1024	4096	1	135617209	620886018	1321552339	247767341	433430	287254697	552925	2421735	2678
Heapsort	random	4096	1024	1	177099167	811139307	1976333523	506591656	27494393	366011077	30843	213385	1163
BottomUpHeapsort	random	4096	1024	1	181000833	830044847	1597779920	292199549	3239139	348233365	121724	3515118	2191
Heapsort	ascending	4096	1024	1	87517500	400688162	2077523492	531009626	7032472	384243481	1057300	2461782	1420
BottomUpHeapsort	ascending	4096	1024	1	169682916	777736751	1643257773	298903853	534193	358263977	360543	4030599	8025
Heapsort	descending	4096	1024	1	76372959	350859133	1869652611	481096794	5498563	346988313	666634	2979864	5055
BottomUpHeapsort	descending	4096	1024	1	164787541	756774411	1582672216	289771610	614975	346235673	348300	4057701	8177
Heapsort	random	16384	256	1	206683916	946706181	2328620000	598860554	32121990	433106897	150504	215744	936
BottomUpHeapsort	random	16384	256	1	207558584	950176536	1856972516	334157230	3167618	406958429	41434	1054407	2113
Heapsort	ascending	16384	256	1	113316792	519796789	2430909119	623610714	11479122	451535129	457210	100862	955
BottomUpHeapsort	ascending	16384	256	1	198980708	912333093	1905836372	341408090	709451	417596185	92556	1248787	4977
Heapsort	descending	16384	256	1	120943375	553874247	2223218256	573366106	13515611	414108953	479101	807709	1717
BottomUpHeapsort	descending	16384	256	1	194363417	891653029	1843780448	331879002	737399	405191961	98417	1235677	5507
Heapsort	random	65536	64	1	236214084	1082429641	2681023642	691139013	36012371	500216451	6309579	2246554	1851
BottomUpHeapsort	random	65536	64	1	240685750	1102431526	2117151482	376110791	3063750	465688669	4378454	7973651	1923
Heapsort	ascending	65536	64	1	129536500	594214213	2781893032	715622298	13857857	518431641	533191	160225	1268
BottomUpHeapsort	ascending	65536	64	1	227204666	1042533057	2166092316	383447066	697162	476366681	336052	826948	3077
Heapsort	descending	65536	64	1	143058958	655905307	2572458059	664955546	17204361	480674201	1311611	509801	1003
BottomUpHeapsort	descending	65536	64	1	224328208	1028206662	2103941195	373993306	905625	463963417	869343	1790809	3361
Heapsort	random	262144	16	1	269722375	1236267914	3033395162	783403311	39883688	567317135	22736859	5227092	1553
BottomUpHeapsort	random	262144	16	1	289343916	1326732753	2377293101	418057747	3000909	524413313	21341172	39540840	4987
Heapsort	ascending	262144	16	1	143494750	645780259	3136780026	808420506	14538221	585914073	611768	257784	1062
BottomUpHeapsort	ascending	262144	16	1	256883709	1175631970	2427748083	425637790	810458	535416943	387772	911521	2523
Heapsort	descending	262144	16	1	152597375	699129923	2922370319	756540954	17563028	547300313	1456710	604426	1073
BottomUpHeapsort	descending	262144	16	1	252521833	1157698993	2364424748	416047914	924566	522775465	1052300	2595360	2357
Heapsort	random	1048576	4	1	311785625	1429225492	3385790567	875671001	43949674	634420511	42813018	19270369	1734038
BottomUpHeapsort	random	1048576	4	1	367139000	1680117107	2637490568	459993195	2978025	583119983	41038923	172024911	2219131
Heapsort	ascending	1048576	4	1	148665917	681770612	3494071919	902056230	14489635	654059244	1001406	447125	4785
BottomUpHeapsort	ascending	1048576	4	1	282955708	1298428494	2689955535	467776126	587435	594513897	560675	1571200	3917
Heapsort	descending	1048576	4	1	161271041	738518321	3282588642	850841850	17540952	615885065	1791624	1149882	33694
BottomUpHeapsort	descending	1048576	4	1	281878375	1291320966	2626108309	458060840	959801	581794856	1280741	6037450	16963
Heapsort	random	4194304	1	1	365188584	1673533278	3738352846	967946105	48087301	701528391	64836319	48237178	7603666
BottomUpHeapsort	random	4194304	1	1	492031708	2255459210	2897833497	501938646	2953652	641845395	60768826	514458246	17929930
Heapsort	ascending	4194304	1	1	159791042	731167549	3855137868	996310430	14917799	722617213	1008123	1312901	172832
BottomUpHeapsort	ascending	4194304	1	1	311932042	1430823582	2955194807	510527728	484753	654480615	536969	2050717	46035
Heapsort	descending	4194304	1	1	171410125	784261486	3636064156	943086524	17491311	682996409	2345723	8519671	172871
BottomUpHeapsort	descending	4194304	1	1	311781334	1430242173	2885778087	499895149	909442	640429399	1679768	12500889	48835
Heapsort	random	16777216	1	1	2177404916	9966228960	16363806307	4240854825	209110482	3074512366	347934816	1559314631	48741538
BottomUpHeapsort	random	16777216	1	1	3776002667	17304312851	12635076245	2175509882	11784594	2802232473	320174976	9306238696	151877390
Heapsort	ascending	16777216	1	1	674997417	3086703002	16826934323	4353946880	59791413	3158566326	4275327	18180015	1808952
BottomUpHeapsort	ascending	16777216	1	1	1364149292	6253569067	12861917608	2210065656	2004559	2852924005	2285136	12753353	631416
Heapsort	descending	16777216	1	1	720924500	3303955215	15947944488	4140380824	69767976	2999433490	11732760	46566283	2331899
BottomUpHeapsort	descending	16777216	1	1	1392136625	6353628321	12585290492	2168156365	4182416	2797072592	8482910	143014478	1047379
Heapsort	random	67108864	1	1	12688432458	58039565469	71101609758	18439979925	903695912	13371891846	1762156649	15368767061	236618508
BottomUpHeapsort	random	67108864	1	1	30672761166	140415611490	54735517757	9373158547	47421797	12148467921	1582282774	102125983273	930156388
Heapsort	ascending	67108864	1	1	2834188292	12988092692	72965233027	18894791238	238120469	13709979342	17339813	70840843	13356898
BottomUpHeapsort	ascending	67108864	1	1	5914191875	27096073710	55611732157	9511382588	7503100	12351684081	10054913	52812631	4247575
Heapsort	descending	67108864	1	1	3037195667	13909797800	69372630423	18022288385	280062232	13060498008	58504990	237379065	23806477
BottomUpHeapsort	descending	67108864	1	1	6056719708	27752927482	54501559536	9344248010	16547777	12127492742	44044692	768678661	14091054
BottomUpHeapsort	random	1024	4096	2	150709583	690890966	1336835114	250202296	3267345	289509780	171768	4690986	1546
Heapsort	random	1024	4096	2	147052042	671187665	1624034444	414346921	22698971	298960840	70282	238845	953
BottomUpHeapsort	ascending	1024	4096	2	141485416	644890420	1379934056	256640678	549880	298805488	491134	2795844	2914
Heapsort	ascending	1024	4096	2	47113834	211213131	1716863269	436643333	112230	315648234	1170699	964810	2655
BottomUpHeapsort	descending	1024	4096	2	134340125	614678128	1304464348	235169520	449834	287202072	917152	2430455	2433
Heapsort	descending	1024	4096	2	42441958	194640396	1509374121	380781051	93752	278586648	880527	414292	615
BottomUpHeapsort	random	4096	1024	2	178718459	820342433	1579889286	279603001	3250890	348207823	130949	4661104	1069
Heapsort	random	4096	1024	2	177766209	815730960	1979029745	500264061	27550973	365967946	24762	206527	690
BottomUpHeapsort	ascending	4096	1024	2	169598209	777194197	1626372622	286312955	537923	358242584	412740	4555052	6418
Heapsort	ascending	4096	1024	2	84521334	388003461	2079232725	524708347	6189154	384220440	1029683	4014553	893
BottomUpHeapsort	descending	4096	1024	2	164851583	756028061	1565800809	277180923	587568	346214680	356926	4539671	8728
Heapsort	descending	4096	1024	2	66306083	302817838	1873363957	474795515	3243758	346965272	713733	3039042	6923
BottomUpHeapsort	random	16384	256	2	207438000	950465116	1840142808	321571779	3188341	406951050	39895	1176396	1064
Heapsort	random	16384	256	2	208332291	953942991	2335732639	592570284	32134111	433099274	148911	177595	782
BottomUpHeapsort	ascending	16384	256	2	198657459	910709729	1889003606	328820475	709352	417584408	85535	1190230	5653
Heapsort	ascending	16384	256	2	112582083	514956245	2437070614	617314043	11130333	451522840	446609	91501	841
BottomUpHeapsort	descending	16384	256	2	194383041	890456241	1826978964	319291387	751193	405180184	96448	880715	5275
Heapsort	descending	16384	256	2	125001209	557065647	2231288824	567069435	13664317	414096664	514033	474656	1979
BottomUpHeapsort	random	65536	64	2	242907166	1100194995	2100139758	363520402	3205922	465676188	4411696	8151962	1181
Heapsort	random	65536	64	2	242156250	1092342382	2692243776	684839444	36078804	500203378	6437076	2500727	1060
BottomUpHeapsort	ascending	65536	64	2	227244000	1042679350	2149287234	370860219	739500	476357208	308193	846879	2521
Heapsort	ascending	65536	64	2	130258666	596940919	2792178976	709326779	13917180	518422040	517397	150389	1313
BottomUpHeapsort	descending	65536	64	2	225285958	1030807465	2087237768	361406459	1032983	463953944	916810	1886166	2869
Heapsort	descending	65536	64	2	158955375	660629804	2584978629	658660027	17330735	480664600	1303089	520041	1288
BottomUpHeapsort	random	262144	16	2	293363334	1325515253	2360306470	405464161	3187272	524393878	21356149	42203575	4092
Heapsort	random	262144	16	2	277873000	1252061472	3048789188	777117802	39954866	567315274	22914786	5973284	1481
BottomUpHeapsort	ascending	262144	16	2	256474708	1173913193	2410912180	413050907	825332	535407592	372485	883398	2286
Heapsort	ascending	262144	16	2	141502125	648947581	3151489984	802125275	14539258	585905144	569717	247182	973
BottomUpHeapsort	descending	262144	16	2	252109500	1156935590	2347608779	403461259	983808	522766568	1035724	2518433	2243
Heapsort	descending	262144	16	2	152572042	699775474	2938627102	750245723	17433893	547291384	1422569	651005	1026
BottomUpHeapsort	random	1048576	4	2	368042125	1681306206	2620607878	447408871	3194030	583116369	41054116	173862115	2228938
Heapsort	random	1048576	4	2	316600458	1451414426	3405582738	869382902	44022828	634416580	42809975	20044931	1888805
BottomUpHeapsort	ascending	1048576	4	2	283384708	1299120358	2673092794	455189519	605142	594505144	567334	1571700	3738
Heapsort	ascending	1048576	4	2	149637792	687410563	3512859759	895760815	14485547	654049976	961558	443602	4979
BottomUpHeapsort	descending	1048576	4	2	282917875	1293614784	2609321246	445472263	1012843	581784396	1260640	6020834	17201
Heapsort	descending	1048576	4	2	161001833	738976240	3303126731	844546691	17370363	615876304	1765842	852620	33577
BottomUpHeapsort	random	4194304	1	2	496179917	2275734596	2880936291	489353883	3177849	641837815	60732857	535887310	17940995
Heapsort	random	4194304	1	2	379648750	1737552102	3762065818	961634868	48141547	701508308	65612401	68788923	7705012
BottomUpHeapsort	ascending	4194304	1	2	314152000	1432888029	2938356077	497941560	498457	654472956	616477	2338725	43410
Heapsort	ascending	4194304	1	2	159597583	731905902	3878377052	990015716	14763063	722609552	977047	958261	171729
BottomUpHeapsort	descending	4194304	1	2	312943291	1432540516	2869130053	487308981	924179	640421740	1682394	13933240	47621
Heapsort	descending	4194304	1	2	171535542	786785103	3660944762	936791810	17342658	682988748	2344831	9090652	170791
BottomUpHeapsort	random	16777216	1	2	3894213042	17784457762	12570161769	2125193310	12802458	2802236375	320280432	9777260381	152112405
Heapsort	random	16777216	1	2	2225781833	10186739385	16476045727	4215664035	209234345	3074487284	346301990	1628488738	50485105
BottomUpHeapsort	ascending	16777216	1	2	1365626500	6255906764	12794756434	2159730614	2039277	2852916005	2218124	12225155	635337
Heapsort	ascending	16777216	1	2	681014667	3119633467	16936900369	4328777660	59483993	3158558324	4358142	10581900	1797778
BottomUpHeapsort	descending	16777216	1	2	1384314500	6336712497	12518401609	2117821323	4419071	2797064592	8708201	138849657	1047106
Heapsort	descending	16777216	1	2	726982792	3330570541	16064626649	4115211604	69443661	2999425488	11701101	46249675	2338974
BottomUpHeapsort	random	67108864	1	2	30487986792	139594927369	54465561151	9171822171	54657910	12148445679	1582063906	101357137468	930689271
Heapsort	random	67108864	1	2	12792940375	58577375737	71618246347	18339144353	904120188	13371756292	1763875642	15020757434	246135751
BottomUpHeapsort	ascending	67108864	1	2	5936215417	27148112920	55343089094	9310052602	8724505	12351676081	9178342	51730247	4264663
Heapsort	ascending	67108864	1	2	2894431458	13165102354	73474260703	18794124546	239845209	13709971340	18076560	74248772	12880944
BottomUpHeapsort	descending	67108864	1	2	6062207875	27769527215	54233180416	9142918024	17262408	12127484742	43667920	790685959	14138297
Heapsort	descending	67108864	1	2	3099334667	14196727827	69904575997	17921621693	280004106	13060490006	58116725	244052658	24313013
Heapsort	random	1024	4096	3	147718458	676473695	1622331212	407999211	22763386	298871404	68122	163163	720
BottomUpHeapsort	random	1024	4096	3	150959208	690169015	1319770821	237604255	3347008	289461842	162248	2843882	947
Heapsort	ascending	1024	4096	3	46926334	214346867	1713902353	430297595	140706	315491608	1346316	599688	669
BottomUpHeapsort	ascending	1024	4096	3	140607375	645073960	1362900829	244036091	562041	298747160	533277	2919896	2992
Heapsort	descending	1024	4096	3	42331458	193605767	1509395515	380781051	73273	278586648	1054302	562869	852
BottomUpHeapsort	descending	1024	4096	3	136722583	621398496	1304286615	235164155	447259	287196440	583767	3467046	2808
Heapsort	random	4096	1024	3	177607000	815404427	1979042675	500276616	27566058	365977696	27862	322826	597
BottomUpHeapsort	random	4096	1024	3	179535417	821301309	1580000570	279604524	3282493	348209552	130743	4121628	1360
Heapsort	ascending	4096	1024	3	78283750	357657453	2079272989	524708347	4790041	384220440	895077	3206980	751
BottomUpHeapsort	ascending	4096	1024	3	169435000	777372146	1626301640	286312955	533481	358242584	402355	4805867	7314
Heapsort	descending	4096	1024	3	71145709	325661566	1873394975	474795515	4203074	346965272	673418	3528465	5262
BottomUpHeapsort	descending	4096	1024	3	164796750	754958184	1565904137	277191245	590547	346225545	406293	3689492	9270
Heapsort	random	16384	256	3	207668542	952340352	2335678898	592556751	32121229	433088898	152887	184826	712
BottomUpHeapsort	random	16384	256	3	206868208	949507240	1840026878	321572038	3194416	406947487	38111	1103596	1050
Heapsort	ascending	16384	256	3	109457708	501072178	2437036707	617313905	10410566	451522492	452832	111553	1169
BottomUpHeapsort	ascending	16384	256	3	199148708	911771669	1889106712	328820337	707989	417584060	87278	1132221	5606
Heapsort	descending	16384	256	3	120282291	552148210	2231274910	567069297	13376914	414096316	505267	804789	1624
BottomUpHeapsort	descending	16384	256	3	194360667	891450511	1827001535	319291249	751348	405179836	99581	1215293	5987
Heapsort	random	65536	64	3	238542625	1093566445	2692430462	684837049	36084235	500201358	6377356	2483600	892
BottomUpHeapsort	random	65536	64	3	240301416	1101356761	2100257139	363524435	3201415	465679268	4408392	8417634	2281
Heapsort	ascending	65536	64	3	131291167	601372374	2792241009	709326641	13885948	518421692	550950	126638	1087
BottomUpHeapsort	ascending	65536	64	3	227380125	1042728458	2149317725	370860081	739020	476356860	334320	782887	2736
Heapsort	descending	65536	64	3	142816416	654652005	2584646077	658659889	16984978	480664252	1308049	567782	1258
BottomUpHeapsort	descending	65536	64	3	224271709	1029459262	2087110380	361406321	1030973	463953596	919778	1866724	2330
Heapsort	random	262144	16	3	273589500	1251988961	3048869441	777079290	39983169	567286372	21387343	5251708	3257
BottomUpHeapsort	random	262144	16	3	288763917	1325346302	2360378650	405467894	3179082	524401917	21367861	41816935	3546
Heapsort	ascending	262144	16	3	141915709	650471042	3151493201	802125137	14450562	585904796	590013	265335	1345
BottomUpHeapsort	ascending	262144	16	3	255972125	1174900253	2410928166	413051913	821947	535408286	353184	858541	1934
Heapsort	descending	262144	16	3	152927375	701803878	2938639969	750245585	17455582	547291036	1415706	786656	1392
BottomUpHeapsort	descending	262144	16	3	253255292	1158616917	2347688404	403461121	984916	522766220	1041895	2509888	2174
Heapsort	random	1048576	4	3	316570041	1452067558	3405438634	869381815	44012511	634415648	43075474	20140922	1912506
BottomUpHeapsort	random	1048576	4	3	366967084	1677502356	2620705590	447413466	3184107	583120082	41086786	169941959	2229500
Heapsort	ascending	1048576	4	3	150989541	690365447	3512850874	895760677	14508862	654049628	964854	546957	6037
BottomUpHeapsort	ascending	1048576	4	3	283724542	1298734380	2673155285	455189381	594113	594504796	581027	1623835	3433
Heapsort	descending	1048576	4	3	162182750	743834928	3303116332	844546553	17456076	615875956	1760295	877534	33049
BottomUpHeapsort	descending	1048576	4	3	281430958	1290819979	2609154121	445472125	1010402	581784048	1294989	6074887	15944
Heapsort	random	4194304	1	3	379379542	1737089169	3762067973	961613326	48121036	701492786	65339290	69137436	7799241
BottomUpHeapsort	random	4194304	1	3	490647000	2249893157	2880965756	489353078	3170278	641834571	60783044	509427653	17940354
Heapsort	ascending	4194304	1	3	159792792	733563017	3878392753	990015578	14676819	722609204	1006328	1373398	171827
BottomUpHeapsort	ascending	4194304	1	3	313277250	1434542193	2938499918	497941422	499082	654472608	539503	2374030	43134
Heapsort	descending	4194304	1	3	171880166	788528453	3660898374	936791672	17367336	682988400	2262035	7820847	163612
BottomUpHeapsort	descending	4194304	1	3	316896041	1443839899	2868951450	487308843	925068	640421392	1679435	25272779	45641
Heapsort	random	16777216	1	3	2221053625	10167274779	16476421356	4215692775	209174797	3074508190	346781432	1609026083	50588629
BottomUpHeapsort	random	16777216	1	3	3842887333	17601344351	12568453021	2125196200	12807339	2802246260	320269718	9600034337	152087615
Heapsort	ascending	16777216	1	3	680430125	3113982114	16936890902	4328777522	59459295	3158557976	4473202	15943020	1854750
BottomUpHeapsort	ascending	16777216	1	3	1367877250	6262676766	12794705517	2159730476	2045961	2852915657	2213966	13132913	634148
Heapsort	descending	16777216	1	3	726552875	3329703245	16064573175	4115211466	69391115	2999425140	11456447	47360252	2345417
BottomUpHeapsort	descending	16777216	1	3	1387564417	6356201377	12518516202	2117821185	4417905	2797064244	8649540	142723724	1047017
Heapsort	random	67108864	1	3	12813798417	58570137046	71619192797	18339173326	904140907	13371777314	1760604459	15106096421	245972834
BottomUpHeapsort	random	67108864	1	3	31009829333	141864809111	54466732765	9171809020	54694970	12148431986	1581796874	103617185533	930717660
Heapsort	ascending	67108864	1	3	2867738958	13103880832	73476238213	18794125594	239727182	13709972048	18233589	62492085	13369279
BottomUpHeapsort	ascending	67108864	1	3	5951318042	27146199191	55350112579	9310052464	8723120	12351675733	9046689	53351340	4322876
Heapsort	descending	67108864	1	3	3071369375	14059138648	69905233362	17921621555	279770521	13060489658	57910043	240523498	24250726
BottomUpHeapsort	descending	67108864	1	3	6066804334	27792575931	54234408273	9142917886	17286383	12127484394	43486843	798678031	14140862
BottomUpHeapsort	random	1024	4096	4	150369209	689538548	1319850476	237600525	3301979	289455165	125637	2132357	1028
Heapsort	random	1024	4096	4	147691875	674952401	1622390098	408013709	22708289	298882552	69605	143224	582
BottomUpHeapsort	ascending	1024	4096	4	140498625	643619984	1362915838	244035953	565224	298746812	540822	1858188	2724
Heapsort	ascending	1024	4096	4	46646958	213845949	1713885331	430297457	154369	315491260	1413102	588512	1202
BottomUpHeapsort	descending	1024	4096	4	135113541	619807054	1304362298	235164017	440560	287196092	554098	1887904	2881
Heapsort	descending	1024	4096	4	42506917	194706003	1509380185	380780913	81116	278586300	985110	479539	609
BottomUpHeapsort	random	4096	1024	4	178731666	819996965	1579949439	279613551	3245899	348221888	133778	3768063	1245
Heapsort	random	4096	1024	4	178039666	816220726	1979170272	500281617	27533501	365981010	26226	155286	610
BottomUpHeapsort	ascending	4096	1024	4	169828709	776586117	1626493180	286312817	539667	358242236	376386	2695959	7759
Heapsort	ascending	4096	1024	4	77843666	356972834	2079302623	524708209	4861122	384220092	896925	1625606	502
BottomUpHeapsort	descending	4096	1024	4	164529084	755638497	1565943001	277180785	590152	346214332	364960	2320592	8588
Heapsort	descending	4096	1024	4	68219834	312885871	1873383912	474795377	3694951	346964924	750546	2204096	5939
BottomUpHeapsort	random	16384	256	4	208732417	950567500	1840480862	321572858	3193823	406951427	42350	849366	1335
Heapsort	random	16384	256	4	208938333	956785859	2335730626	592544475	32158473	433079068	154857	191621	687
BottomUpHeapsort	ascending	16384	256	4	198908500	910223255	1889060901	328820337	708884	417584060	87969	884135	5752
Heapsort	ascending	16384	256	4	109637709	497006740	2437424264	617313905	10151006	451522492	451836	128804	1157
BottomUpHeapsort	descending	16384	256	4	195047166	890832112	1827290110	319291249	750969	405179836	100648	818501	5431
Heapsort	descending	16384	256	4	121417333	555911888	2231318296	567069297	13551860	414096316	511410	630643	1268
BottomUpHeapsort	random	65536	64	4	245206750	1107213890	2101521134	363520528	3217046	465673295	4449776	10804873	3547
Heapsort	random	65536	64	4	239513750	1096759413	2692389989	684834324	36091847	500200324	6001836	2190075	986
BottomUpHeapsort	ascending	65536	64	4	227476709	1042347857	2149273753	370860081	742398	476356860	329530	756492	2731
Heapsort	ascending	65536	64	4	132057083	598583744	2792178145	709326641	13782616	518421692	627838	172929	657
BottomUpHeapsort	descending	65536	64	4	224701833	1029485424	2087201573	361406321	1031747	463953596	928321	1896960	2733
Heapsort	descending	65536	64	4	142790792	654560000	2584631182	658659889	17066486	480664252	1328903	576806	1096
BottomUpHeapsort	random	262144	16	4	289431500	1326272249	2360499179	405468741	3179026	524402960	21459295	42059684	4621
Heapsort	random	262144	16	4	272863083	1248570980	3048809412	777094859	39969445	567297834	21304681	5308501	1901
BottomUpHeapsort	ascending	262144	16	4	259932542	1172601752	2410756008	413050769	824209	535407244	398038	795077	1481
Heapsort	ascending	262144	16	4	144513875	648794775	3151534604	802125137	14506270	585904796	638108	301040	1080
BottomUpHeapsort	descending	262144	16	4	252518292	1159778730	2347850687	403461121	981691	522766220	1005639	2376116	2060
Heapsort	descending	262144	16	4	153590792	702077773	2938820771	750245585	17504756	547291036	1498350	598234	2142
BottomUpHeapsort	random	1048576	4	4	364913667	1675156492	2620884824	447414950	3190360	583125151	41014037	167891445	2227987
Heapsort	random	1048576	4	4	324265584	1456278841	3405759489	869394827	43997652	634425254	42960807	21914225	1895329
BottomUpHeapsort	ascending	1048576	4	4	287184041	1298834575	2673170749	455189381	593553	594504796	568255	1852402	3318
Heapsort	ascending	1048576	4	4	150349792	688053433	3512909464	895760677	14535571	654049628	953961	465523	5122
BottomUpHeapsort	descending	1048576	4	4	281950167	1292151640	2609326530	445472125	1011659	581784048	1297342	5927815	15899
Heapsort	descending	1048576	4	4	160808708	737515916	3303168496	844546553	17354631	615875956	1814824	877177	35054
BottomUpHeapsort	random	4194304	1	4	511357208	2334108549	2881128634	489358026	3178221	641839701	60836145	589515143	17940980
Heapsort	random	4194304	1	4	375150666	1717539164	3762432521	961670594	48134179	701535304	65019402	61903466	7716306
BottomUpHeapsort	ascending	4194304	1	4	312872875	1436181910	2938612911	497941422	500461	654472608	539773	2079304	42221
Heapsort	ascending	4194304	1	4	161007500	734105647	3878657724	990015578	14666437	722609204	1052187	1821367	169235
BottomUpHeapsort	descending	4194304	1	4	312555584	1433288866	2869157911	487308843	926496	640421392	1628164	13259196	45694
Heapsort	descending	4194304	1	4	174969000	792354329	3660979822	936791672	17325459	682988400	2327186	9585781	166410
BottomUpHeapsort	random	16777216	1	4	4155951250	18406962014	12622826218	2125191441	12829195	2802244762	320895310	10224957146	152492039
Heapsort	random	16777216	1	4	2257012000	10325268021	16477646029	4215650712	209179028	3074476838	345483593	1725395739	51272777
BottomUpHeapsort	ascending	16777216	1	4	1369389292	6271342446	12795733607	2159730476	2036313	2852915657	2251341	11210744	633611
Heapsort	ascending	16777216	1	4	683215416	3127553158	16937324617	4328777522	59697458	3158557976	4549062	13236859	1761209
BottomUpHeapsort	descending	16777216	1	4	1387527500	6355965219	12518416749	2117821185	4423200	2797064244	8756813	145100821	1050093
Heapsort	descending	16777216	1	4	729852375	3330336731	16064603684	4115211466	69507494	2999425140	11612715	50666968	2337763
BottomUpHeapsort	random	67108864	1	4	31098864167	141904409999	54493788160	9171816955	54479814	12148449152	1582362189	103563770309	930882760
Heapsort	random	67108864	1	4	12857275042	58859758822	71621556535	18339166506	904125977	13371770688	1763565334	15330684527	243322653
BottomUpHeapsort	ascending	67108864	1	4	5924578250	27129099754	55344166530	9310052464	8719052	12351675733	10598375	54637855	4280627
Heapsort	ascending	67108864	1	4	2933693000	13234556029	73475462867	18794124408	239568404	13709970992	17840612	70065885	13199933
BottomUpHeapsort	descending	67108864	1	4	6065664375	27749393343	54233897881	9142917886	17242743	12127484394	45509232	811906816	14174322
Heapsort	descending	67108864	1	4	3109020333	14227192785	69906377021	17921621555	279860737	13060489658	58845683	244378792	24364234
Heapsort	random	1024	4096	5	147024500	674164357	1622424796	408018795	22678400	298886006	70930	153160	486
BottomUpHeapsort	random	1024	4096	5	150276375	687835474	1319728010	237605329	3297149	289459849	169022	1531931	1034
Heapsort	ascending	1024	4096	5	48422292	213602026	1713872641	430297457	125954	315491260	1318480	1680678	950
BottomUpHeapsort	ascending	1024	4096	5	140706959	643921611	1362922465	244035953	567228	298746812	507956	2026231	2835
Heapsort	descending	1024	4096	5	42330917	194021367	1509375908	380780913	97470	278586300	989763	272916	621
BottomUpHeapsort	descending	1024	4096	5	135996042	622658241	1304375748	235164017	446748	287196092	574816	4632034	2776
Heapsort	random	4096	1024	5	178576084	818049480	1979065641	500281911	27603951	365981866	26083	112442	840
BottomUpHeapsort	random	4096	1024	5	178773459	818925648	1580044096	279617753	3258222	348226593	132165	2709456	1345
Heapsort	ascending	4096	1024	5	78176125	358579060	2079283497	524708209	4944657	384220092	1239516	2662837	907
BottomUpHeapsort	ascending	4096	1024	5	169115750	775502252	1626308078	286312985	539332	358242554	433009	3627370	7659
Heapsort	descending	4096	1024	5	69396792	318534272	1873377631	474795377	3959142	346964924	696776	2450528	7368
BottomUpHeapsort	descending	4096	1024	5	164324000	754247238	1565782597	277180785	586352	346214332	373349	2837614	9262
Heapsort	random	16384	256	5	208522750	954599132	2335810757	592557745	32131326	433089410	153263	196693	827
BottomUpHeapsort	random	16384	256	5	206898834	949608565	1840105478	321565395	3188522	406940332	39846	938244	1501
Heapsort	ascending	16384	256	5	110710416	506240230	2437087649	617313905	10605717	451522492	438370	176897	881
BottomUpHeapsort	ascending	16384	256	5	198967792	911201142	1889141297	328820337	707860	417584060	88660	954997	5768
Heapsort	descending	16384	256	5	120375875	552257502	2231362373	567069297	13393570	414096316	519907	509903	1530
BottomUpHeapsort	descending	16384	256	5	193861208	889709719	1827022216	319291249	752554	405179836	109343	919320	5710
Heapsort	random	65536	64	5	239058875	1093810900	2692454921	684827095	36078533	500194720	6373322	2486224	1757
BottomUpHeapsort	random	65536	64	5	240325750	1101782113	2100349346	363520205	3209691	465672912	4395217	8154069	1670
Heapsort	ascending	65536	64	5	130046084	596314763	2792166962	709326641	13844623	518421692	582366	165424	777
BottomUpHeapsort	ascending	65536	64	5	227791500	1043083298	2149396343	370860081	739711	476356860	316115	721906	2841
Heapsort	descending	65536	64	5	142685625	654018890	2584709451	658659889	16987643	480664252	1316289	512986	965
BottomUpHeapsort	descending	65536	64	5	225300083	1031041012	2087306088	361406321	1036135	463953596	921295	1831281	3435
Heapsort	random	262144	16	5	272919917	1251252379	3049120505	777123352	39999376	567318776	21341562	5272981	1616
BottomUpHeapsort	random	262144	16	5	288838125	1325781749	2360473342	405466137	3176597	524396188	21377592	41707636	3467
Heapsort	ascending	262144	16	5	141317792	648363019	3151512205	802125137	14471466	585904796	642483	240502	1091
BottomUpHeapsort	ascending	262144	16	5	256397000	1173679799	2411028774	413050769	820227	535407244	358042	860285	3029
Heapsort	descending	262144	16	5	152628792	700562604	2938689153	750245585	17447710	547291036	1472010	576337	869
BottomUpHeapsort	descending	262144	16	5	253817583	1159309396	2347806992	403461121	982662	522766220	1015804	2610864	2084
Heapsort	random	1048576	4	5	318543042	1451484840	3405446557	869367558	44011992	634405302	42891710	20753584	1885800
BottomUpHeapsort	random	1048576	4	5	372744125	1705944590	2622550933	447411465	3189475	583120164	41039027	180315470	2262730
Heapsort	ascending	1048576	4	5	149905584	687025756	3512899749	895760677	14531841	654049628	956838	495073	6338
BottomUpHeapsort	ascending	1048576	4	5	283045167	1298802099	2673192695	455189381	601486	594504796	572372	1504117	3735
Heapsort	descending	1048576	4	5	161548709	740132485	3303203054	844546553	17426788	615875956	1784104	886383	35216
BottomUpHeapsort	descending	1048576	4	5	282195833	1292085992	2609239774	445472125	1013479	581784048	1322663	6136456	16711
Heapsort	random	4194304	1	5	374276667	1715745438	3762331125	961652398	48130834	701521756	64518805	60386108	7677315
BottomUpHeapsort	random	4194304	1	5	490604625	2250195325	2881124595	489357470	3166555	641845542	60775697	508200954	17945142
Heapsort	ascending	4194304	1	5	160394375	734552865	3878481485	990015578	14700192	722609204	1059158	2141866	171014
BottomUpHeapsort	ascending	4194304	1	5	312681208	1433327817	2938586460	497941422	495769	654472608	530761	2165954	43570
Heapsort	descending	4194304	1	5	173777167	788787716	3661018765	936791672	17298295	682988400	2308755	10986492	166859
BottomUpHeapsort	descending	4194304	1	5	313097709	1435962383	2868958185	487308843	929072	640421392	1678585	19137106	45948
Heapsort	random	16777216	1	5	2248713375	10272188768	16476897959	4215687981	209227980	3074504972	346615707	1679195353	50993333
BottomUpHeapsort	random	16777216	1	5	3849990583	17619078419	12568807189	2125179037	12801219	2802225110	320217195	9610843104	152084358
Heapsort	ascending	16777216	1	5	681482834	3122081807	16936965673	4328777522	59776196	3158557976	4433240	15914231	1784461
BottomUpHeapsort	ascending	16777216	1	5	1368625083	6263608644	12794949123	2159730476	2042635	2852915657	2181295	11447295	631811
Heapsort	descending	16777216	1	5	727142916	3332037494	16064713356	4115211466	69500851	2999425140	11642914	49136389	2328723
BottomUpHeapsort	descending	16777216	1	5	1387718542	6355239794	12518475964	2117821185	4422091	2797064244	8627866	140425849	1048899
Heapsort	random	67108864	1	5	12821885625	58583563694	71618057758	18339174230	904196542	13371780216	1758788339	15172821483	245289862
BottomUpHeapsort	random	67108864	1	5	30763421666	140822510472	54469355821	9171835286	54654870	12148462164	1582046801	102574233348	930766056
Heapsort	ascending	67108864	1	5	2876395125	13156836386	73473383838	18794124408	239917334	13709970992	17804002	68155918	13139397
BottomUpHeapsort	ascending	67108864	1	5	5921703625	27126624545	55342646645	9310052464	8718506	12351675733	9008986	50399957	4306251
Heapsort	descending	67108864	1	5	3073576625	14051038096	69904163334	17921621555	279791028	13060489658	57974659	234768056	24091472
BottomUpHeapsort	descending	67108864	1	5	6060285791	27755115077	54232336565	9142917886	17250660	12127484394	43867735	768430647	14129710
