# processors	algorithm	size	iteration	phase	timeNs
8	lsd	524288	1	check	63333
8	lsd	524288	1	max	114000
8	lsd	524288	1	segments	6125
8	lsd	524288	1	count	719544
8	lsd	524288	1	prefix	24791
8	lsd	524288	1	create	72833
8	lsd	524288	1	distribute	1136417
8	lsd	524288	1	offsets	10541
8	lsd	524288	1	collect	214666
8	lsd	524288	1	total	2364250
8	msd	524288	1	check	69167
8	msd	524288	1	max	68791
8	msd	524288	1	top-count	444459
8	msd	524288	1	top-create	10291
8	msd	524288	1	top-distribute	695917
8	msd	524288	1	recursion	3932125
8	msd	524288	1	top-collect	144250
8	msd	524288	1	total	5366667
8	copy	524288	1	total	85000
8	lsd	67108864	1	check	6471750
8	lsd	67108864	1	max	8140417
8	lsd	67108864	1	segments	6417
8	lsd	67108864	1	count	79853582
8	lsd	67108864	1	prefix	63584
8	lsd	67108864	1	create	96038000
8	lsd	67108864	1	distribute	198124125
8	lsd	67108864	1	offsets	30916
8	lsd	67108864	1	collect	27379126
8	lsd	67108864	1	total	416111500
8	msd	67108864	1	check	6558459
8	msd	67108864	1	max	8001916
8	msd	67108864	1	top-count	55260625
8	msd	67108864	1	top-create	1588417
8	msd	67108864	1	top-distribute	90759458
8	msd	67108864	1	recursion	417795792
8	msd	67108864	1	top-collect	18358667
8	msd	67108864	1	total	598327917
8	copy	67108864	1	total	3024792
8	lsd	524288	2	check	57584
8	lsd	524288	2	max	77125
8	lsd	524288	2	segments	5166
8	lsd	524288	2	count	1196836
8	lsd	524288	2	prefix	21582
8	lsd	524288	2	create	67542
8	lsd	524288	2	distribute	1677333
8	lsd	524288	2	offsets	9333
8	lsd	524288	2	collect	341124
8	lsd	524288	2	total	3457625
8	msd	524288	2	check	57958
8	msd	524288	2	max	75834
8	msd	524288	2	top-count	428416
8	msd	524288	2	top-create	10250
8	msd	524288	2	top-distribute	725792
8	msd	524288	2	recursion	2706333
8	msd	524288	2	top-collect	156084
8	msd	524288	2	total	4163125
8	copy	524288	2	total	95709
8	lsd	67108864	2	check	6469125
8	lsd	67108864	2	max	8140708
8	lsd	67108864	2	segments	8000
8	lsd	67108864	2	count	81856335
8	lsd	67108864	2	prefix	63914
8	lsd	67108864	2	create	20648168
8	lsd	67108864	2	distribute	201255918
8	lsd	67108864	2	offsets	15415
8	lsd	67108864	2	collect	26671084
8	lsd	67108864	2	total	345131334
8	msd	67108864	2	check	6799334
8	msd	67108864	2	max	8695125
8	msd	67108864	2	top-count	54788875
8	msd	67108864	2	top-create	1133208
8	msd	67108864	2	top-distribute	90753500
8	msd	67108864	2	recursion	443432917
8	msd	67108864	2	top-collect	18344250
8	msd	67108864	2	total	623949333
8	copy	67108864	2	total	2880708
8	lsd	524288	3	check	77750
8	lsd	524288	3	max	72792
8	lsd	524288	3	segments	4416
8	lsd	524288	3	count	1072334
8	lsd	524288	3	prefix	16667
8	lsd	524288	3	create	67333
8	lsd	524288	3	distribute	1531625
8	lsd	524288	3	offsets	7416
8	lsd	524288	3	collect	368667
8	lsd	524288	3	total	3221958
8	msd	524288	3	check	58333
8	msd	524288	3	max	70834
8	msd	524288	3	top-count	429250
8	msd	524288	3	top-create	10375
8	msd	524288	3	top-distribute	713708
8	msd	524288	3	recursion	2721917
8	msd	524288	3	top-collect	140666
8	msd	524288	3	total	4146917
8	copy	524288	3	total	116583
8	lsd	67108864	3	check	6474875
8	lsd	67108864	3	max	8657458
8	lsd	67108864	3	segments	8083
8	lsd	67108864	3	count	82519709
8	lsd	67108864	3	prefix	45584
8	lsd	67108864	3	create	9301375
8	lsd	67108864	3	distribute	210821791
8	lsd	67108864	3	offsets	28876
8	lsd	67108864	3	collect	26738707
8	lsd	67108864	3	total	344599250
8	msd	67108864	3	check	6394958
8	msd	67108864	3	max	8082125
8	msd	67108864	3	top-count	54989417
8	msd	67108864	3	top-create	1166542
8	msd	67108864	3	top-distribute	91046083
8	msd	67108864	3	recursion	358098042
8	msd	67108864	3	top-collect	18346000
8	msd	67108864	3	total	538127292
8	copy	67108864	3	total	2897625
8	lsd	524288	4	check	58458
8	lsd	524288	4	max	71625
8	lsd	524288	4	segments	3958
8	lsd	524288	4	count	1136959
8	lsd	524288	4	prefix	15708
8	lsd	524288	4	create	65374
8	lsd	524288	4	distribute	1650709
8	lsd	524288	4	offsets	6792
8	lsd	524288	4	collect	408792
8	lsd	524288	4	total	3420791
8	msd	524288	4	check	69125
8	msd	524288	4	max	69916
8	msd	524288	4	top-count	418917
8	msd	524288	4	top-create	14375
8	msd	524288	4	top-distribute	723708
8	msd	524288	4	recursion	2765792
8	msd	524288	4	top-collect	139625
8	msd	524288	4	total	4203958
8	copy	524288	4	total	105791
8	lsd	67108864	4	check	6505042
8	lsd	67108864	4	max	8286291
8	lsd	67108864	4	segments	7750
8	lsd	67108864	4	count	82334458
8	lsd	67108864	4	prefix	32707
8	lsd	67108864	4	create	9059418
8	lsd	67108864	4	distribute	192680042
8	lsd	67108864	4	offsets	12916
8	lsd	67108864	4	collect	26851876
8	lsd	67108864	4	total	325773334
8	msd	67108864	4	check	6476417
8	msd	67108864	4	max	8747500
8	msd	67108864	4	top-count	55095916
8	msd	67108864	4	top-create	1137042
8	msd	67108864	4	top-distribute	91374958
8	msd	67108864	4	recursion	342228959
8	msd	67108864	4	top-collect	18292291
8	msd	67108864	4	total	523357167
8	copy	67108864	4	total	2903583
8	lsd	524288	5	check	69708
8	lsd	524288	5	max	75000
8	lsd	524288	5	segments	3792
8	lsd	524288	5	count	1008582
8	lsd	524288	5	prefix	18500
8	lsd	524288	5	create	76750
8	lsd	524288	5	distribute	1477292
8	lsd	524288	5	offsets	7042
8	lsd	524288	5	collect	323959
8	lsd	524288	5	total	3062625
8	msd	524288	5	check	57375
8	msd	524288	5	max	75750
8	msd	524288	5	top-count	426625
8	msd	524288	5	top-create	10750
8	msd	524288	5	top-distribute	729292
8	msd	524288	5	recursion	2694792
8	msd	524288	5	top-collect	144833
8	msd	524288	5	total	4141584
8	copy	524288	5	total	69583
8	lsd	67108864	5	check	6714250
8	lsd	67108864	5	max	8316167
8	lsd	67108864	5	segments	4791
8	lsd	67108864	5	count	82360042
8	lsd	67108864	5	prefix	31500
8	lsd	67108864	5	create	8954458
8	lsd	67108864	5	distribute	200842751
8	lsd	67108864	5	offsets	23041
8	lsd	67108864	5	collect	26488083
8	lsd	67108864	5	total	333738458
8	msd	67108864	5	check	6468458
8	msd	67108864	5	max	8310083
8	msd	67108864	5	top-count	54896709
8	msd	67108864	5	top-create	1154708
8	msd	67108864	5	top-distribute	91053750
8	msd	67108864	5	recursion	353366667
8	msd	67108864	5	top-collect	18375041
8	msd	67108864	5	total	533629041
8	copy	67108864	5	total	4094375
8	lsd	524288	6	check	62542
8	lsd	524288	6	max	72000
8	lsd	524288	6	segments	4375
8	lsd	524288	6	count	976665
8	lsd	524288	6	prefix	14502
8	lsd	524288	6	create	67457
8	lsd	524288	6	distribute	1540084
8	lsd	524288	6	offsets	5458
8	lsd	524288	6	collect	339417
8	lsd	524288	6	total	3084542
8	msd	524288	6	check	61584
8	msd	524288	6	max	76750
8	msd	524288	6	top-count	413333
8	msd	524288	6	top-create	11167
8	msd	524288	6	top-distribute	729291
8	msd	524288	6	recursion	2749834
8	msd	524288	6	top-collect	145625
8	msd	524288	6	total	4189459
8	copy	524288	6	total	102125
8	lsd	67108864	6	check	6493250
8	lsd	67108864	6	max	8232500
8	lsd	67108864	6	segments	5750
8	lsd	67108864	6	count	82594584
8	lsd	67108864	6	prefix	37916
8	lsd	67108864	6	create	9036167
8	lsd	67108864	6	distribute	194480792
8	lsd	67108864	6	offsets	11249
8	lsd	67108864	6	collect	26631083
8	lsd	67108864	6	total	327526667
8	msd	67108864	6	check	6503041
8	msd	67108864	6	max	8603375
8	msd	67108864	6	top-count	55042250
8	msd	67108864	6	top-create	1137625
8	msd	67108864	6	top-distribute	91482542
8	msd	67108864	6	recursion	351719708
8	msd	67108864	6	top-collect	18340125
8	msd	67108864	6	total	532832875
8	copy	67108864	6	total	2927750
8	lsd	524288	7	check	74916
8	lsd	524288	7	max	66375
8	lsd	524288	7	segments	3792
8	lsd	524288	7	count	1070876
8	lsd	524288	7	prefix	16417
8	lsd	524288	7	create	66834
8	lsd	524288	7	distribute	1572541
8	lsd	524288	7	offsets	7833
8	lsd	524288	7	collect	362166
8	lsd	524288	7	total	3243708
8	msd	524288	7	check	63166
8	msd	524288	7	max	79959
8	msd	524288	7	top-count	408916
8	msd	524288	7	top-create	14209
8	msd	524288	7	top-distribute	710375
8	msd	524288	7	recursion	2789875
8	msd	524288	7	top-collect	153125
8	msd	524288	7	total	4221916
8	copy	524288	7	total	90625
8	lsd	67108864	7	check	6538875
8	lsd	67108864	7	max	8705084
8	lsd	67108864	7	segments	9291
8	lsd	67108864	7	count	82647667
8	lsd	67108864	7	prefix	27500
8	lsd	67108864	7	create	9114374
8	lsd	67108864	7	distribute	194906917
8	lsd	67108864	7	offsets	18415
8	lsd	67108864	7	collect	26442002
8	lsd	67108864	7	total	328413542
8	msd	67108864	7	check	6494209
8	msd	67108864	7	max	8363000
8	msd	67108864	7	top-count	55072333
8	msd	67108864	7	top-create	1151875
8	msd	67108864	7	top-distribute	91771333
8	msd	67108864	7	recursion	344034625
8	msd	67108864	7	top-collect	18327917
8	msd	67108864	7	total	525219125
8	copy	67108864	7	total	2933250
8	lsd	524288	8	check	51500
8	lsd	524288	8	max	74084
8	lsd	524288	8	segments	4041
8	lsd	524288	8	count	1044126
8	lsd	524288	8	prefix	5582
8	lsd	524288	8	create	62751
8	lsd	524288	8	distribute	1545250
8	lsd	524288	8	offsets	6875
8	lsd	524288	8	collect	386125
8	lsd	524288	8	total	3182834
8	msd	524288	8	check	57834
8	msd	524288	8	max	80625
8	msd	524288	8	top-count	412916
8	msd	524288	8	top-create	14000
8	msd	524288	8	top-distribute	729459
8	msd	524288	8	recursion	2733875
8	msd	524288	8	top-collect	151541
8	msd	524288	8	total	4182584
8	copy	524288	8	total	118167
8	lsd	67108864	8	check	6484583
8	lsd	67108864	8	max	8646917
8	lsd	67108864	8	segments	5333
8	lsd	67108864	8	count	82160334
8	lsd	67108864	8	prefix	10542
8	lsd	67108864	8	create	8938876
8	lsd	67108864	8	distribute	192918749
8	lsd	67108864	8	offsets	30081
8	lsd	67108864	8	collect	26281585
8	lsd	67108864	8	total	325480000
8	msd	67108864	8	check	6464000
8	msd	67108864	8	max	8688917
8	msd	67108864	8	top-count	55009791
8	msd	67108864	8	top-create	1106709
8	msd	67108864	8	top-distribute	91643291
8	msd	67108864	8	recursion	349623875
8	msd	67108864	8	top-collect	18312792
8	msd	67108864	8	total	530851542
8	copy	67108864	8	total	2951000
8	lsd	524288	9	check	57709
8	lsd	524288	9	max	70833
8	lsd	524288	9	segments	3625
8	lsd	524288	9	count	822500
8	lsd	524288	9	prefix	6416
8	lsd	524288	9	create	67251
8	lsd	524288	9	distribute	1312083
8	lsd	524288	9	offsets	8833
8	lsd	524288	9	collect	290917
8	lsd	524288	9	total	2642333
8	msd	524288	9	check	58458
8	msd	524288	9	max	66083
8	msd	524288	9	top-count	409250
8	msd	524288	9	top-create	10500
8	msd	524288	9	top-distribute	706084
8	msd	524288	9	recursion	2729083
8	msd	524288	9	top-collect	145958
8	msd	524288	9	total	4127667
8	copy	524288	9	total	78708
8	lsd	67108864	9	check	6558583
8	lsd	67108864	9	max	8403417
8	lsd	67108864	9	segments	8208
8	lsd	67108864	9	count	82664084
8	lsd	67108864	9	prefix	12749
8	lsd	67108864	9	create	8978583
8	lsd	67108864	9	distribute	197792125
8	lsd	67108864	9	offsets	23251
8	lsd	67108864	9	collect	26675500
8	lsd	67108864	9	total	331119834
8	msd	67108864	9	check	6476042
8	msd	67108864	9	max	8651250
8	msd	67108864	9	top-count	55277667
8	msd	67108864	9	top-create	1155541
8	msd	67108864	9	top-distribute	92017500
8	msd	67108864	9	recursion	350406417
8	msd	67108864	9	top-collect	18390292
8	msd	67108864	9	total	532377291
8	copy	67108864	9	total	2790708
8	lsd	524288	10	check	77500
8	lsd	524288	10	max	75042
8	lsd	524288	10	segments	6625
8	lsd	524288	10	count	726291
8	lsd	524288	10	prefix	5292
8	lsd	524288	10	create	66333
8	lsd	524288	10	distribute	1074834
8	lsd	524288	10	offsets	5334
8	lsd	524288	10	collect	258291
8	lsd	524288	10	total	2297542
8	msd	524288	10	check	57834
8	msd	524288	10	max	72916
8	msd	524288	10	top-count	410959
8	msd	524288	10	top-create	10875
8	msd	524288	10	top-distribute	704041
8	msd	524288	10	recursion	2598334
8	msd	524288	10	top-collect	145958
8	msd	524288	10	total	4003000
8	copy	524288	10	total	74833
8	lsd	67108864	10	check	6516834
8	lsd	67108864	10	max	8794041
8	lsd	67108864	10	segments	9417
8	lsd	67108864	10	count	81962375
8	lsd	67108864	10	prefix	18457
8	lsd	67108864	10	create	9065375
8	lsd	67108864	10	distribute	194657625
8	lsd	67108864	10	offsets	26251
8	lsd	67108864	10	collect	26773792
8	lsd	67108864	10	total	327828417
8	msd	67108864	10	check	6460000
8	msd	67108864	10	max	8731667
8	msd	67108864	10	top-count	55410583
8	msd	67108864	10	top-create	1150375
8	msd	67108864	10	top-distribute	91567875
8	msd	67108864	10	recursion	353366167
8	msd	67108864	10	top-collect	18300791
8	msd	67108864	10	total	534991375
8	copy	67108864	10	total	2929625
