# algorithm	processors	iteration	timeNs
BubbleSortOpt1	2	1	1638514028
BubbleSortParallelDivideAndConquer	2	1	1786967570
BubbleSortParallelOddEven	2	1	461251704
BubbleSortParallelDivideAndConquer	2	2	1923501037
BubbleSortParallelOddEven	2	2	444025524
BubbleSortOpt1	2	2	1660826210
BubbleSortParallelOddEven	2	3	452981991
BubbleSortOpt1	2	3	1658940706
BubbleSortParallelDivideAndConquer	2	3	1803143144
BubbleSortOpt1	2	4	1698828177
BubbleSortParallelOddEven	2	4	483360358
BubbleSortParallelDivideAndConquer	2	4	1841569031
BubbleSortOpt1	2	5	1659893694
BubbleSortParallelDivideAndConquer	2	5	1828555695
BubbleSortParallelOddEven	2	5	466689938
BubbleSortOpt1	2	6	1671785609
BubbleSortParallelDivideAndConquer	2	6	1809300905
BubbleSortParallelOddEven	2	6	443251692
BubbleSortOpt1	2	7	1679339213
BubbleSortParallelDivideAndConquer	2	7	1875630911
BubbleSortParallelOddEven	2	7	446797015
BubbleSortParallelDivideAndConquer	2	8	1842817985
BubbleSortOpt1	2	8	1657376629
BubbleSortParallelOddEven	2	8	453220605
BubbleSortOpt1	2	9	1655355419
BubbleSortParallelDivideAndConquer	2	9	1835449945
BubbleSortParallelOddEven	2	9	486261272
BubbleSortOpt1	2	10	1684748672
BubbleSortParallelOddEven	2	10	450746070
BubbleSortParallelDivideAndConquer	2	10	1819538132
BubbleSortOpt1	2	11	1644990987
BubbleSortParallelOddEven	2	11	450282517
BubbleSortParallelDivideAndConquer	2	11	1797474891
BubbleSortParallelDivideAndConquer	2	12	1872820647
BubbleSortOpt1	2	12	1702230395
BubbleSortParallelOddEven	2	12	470551869
BubbleSortOpt1	2	13	1662993011
BubbleSortParallelDivideAndConquer	2	13	1785944384
BubbleSortParallelOddEven	2	13	461542827
BubbleSortParallelDivideAndConquer	2	14	1808173322
BubbleSortParallelOddEven	2	14	437672154
BubbleSortOpt1	2	14	1661698629
BubbleSortOpt1	2	15	1654003749
BubbleSortParallelDivideAndConquer	2	15	1810357096
BubbleSortParallelOddEven	2	15	461761294
BubbleSortParallelDivideAndConquer	2	16	1777420436
BubbleSortParallelOddEven	2	16	460451573
BubbleSortOpt1	2	16	1646687942
BubbleSortParallelDivideAndConquer	2	17	1796089117
BubbleSortParallelOddEven	2	17	479236532
BubbleSortOpt1	2	17	1674424410
BubbleSortOpt1	2	18	1658129317
BubbleSortParallelDivideAndConquer	2	18	1783586578
BubbleSortParallelOddEven	2	18	444103129
BubbleSortParallelDivideAndConquer	2	19	1837285712
BubbleSortOpt1	2	19	1719808493
BubbleSortParallelOddEven	2	19	474629856
BubbleSortOpt1	2	20	1689666022
BubbleSortParallelOddEven	2	20	510570328
BubbleSortParallelDivideAndConquer	2	20	1946411162
BubbleSortOpt1	4	1	1642874493
BubbleSortParallelOddEven	4	1	384846521
BubbleSortParallelDivideAndConquer	4	1	993371069
BubbleSortParallelOddEven	4	2	355114924
BubbleSortParallelDivideAndConquer	4	2	935795351
BubbleSortOpt1	4	2	1633662054
BubbleSortParallelOddEven	4	3	353354652
BubbleSortOpt1	4	3	1643447867
BubbleSortParallelDivideAndConquer	4	3	937816501
BubbleSortOpt1	4	4	1634224768
BubbleSortParallelDivideAndConquer	4	4	953980120
BubbleSortParallelOddEven	4	4	370146011
BubbleSortOpt1	4	5	1638360948
BubbleSortParallelOddEven	4	5	372438181
BubbleSortParallelDivideAndConquer	4	5	985057564
BubbleSortParallelOddEven	4	6	348614332
BubbleSortOpt1	4	6	1670042168
BubbleSortParallelDivideAndConquer	4	6	912873617
BubbleSortOpt1	4	7	1641684303
BubbleSortParallelDivideAndConquer	4	7	940522097
BubbleSortParallelOddEven	4	7	350978414
BubbleSortParallelOddEven	4	8	366205112
BubbleSortOpt1	4	8	1650075932
BubbleSortParallelDivideAndConquer	4	8	946942279
BubbleSortParallelOddEven	4	9	368723964
BubbleSortParallelDivideAndConquer	4	9	927473985
BubbleSortOpt1	4	9	1646598404
BubbleSortParallelDivideAndConquer	4	10	924157183
BubbleSortOpt1	4	10	1657199414
BubbleSortParallelOddEven	4	10	346912800
BubbleSortOpt1	4	11	1656784710
BubbleSortParallelOddEven	4	11	360674363
BubbleSortParallelDivideAndConquer	4	11	966270556
BubbleSortParallelOddEven	4	12	365763146
BubbleSortOpt1	4	12	1659533325
BubbleSortParallelDivideAndConquer	4	12	937699127
BubbleSortParallelOddEven	4	13	358747445
BubbleSortParallelDivideAndConquer	4	13	931193983
BubbleSortOpt1	4	13	1645672631
BubbleSortParallelDivideAndConquer	4	14	937228808
BubbleSortParallelOddEven	4	14	352499572
BubbleSortOpt1	4	14	1665412575
BubbleSortParallelOddEven	4	15	359322301
BubbleSortParallelDivideAndConquer	4	15	905928317
BubbleSortOpt1	4	15	1650643430
BubbleSortParallelOddEven	4	16	358136528
BubbleSortParallelDivideAndConquer	4	16	939505237
BubbleSortOpt1	4	16	1700587566
BubbleSortParallelDivideAndConquer	4	17	986996318
BubbleSortOpt1	4	17	1658111048
BubbleSortParallelOddEven	4	17	378968594
BubbleSortOpt1	4	18	1646366670
BubbleSortParallelDivideAndConquer	4	18	938439379
BubbleSortParallelOddEven	4	18	347172485
BubbleSortOpt1	4	19	1657955904
BubbleSortParallelOddEven	4	19	351602636
BubbleSortParallelDivideAndConquer	4	19	916724300
BubbleSortParallelDivideAndConquer	4	20	954513299
BubbleSortOpt1	4	20	1651523990
BubbleSortParallelOddEven	4	20	359451414
BubbleSortParallelOddEven	6	1	269983201
BubbleSortOpt1	6	1	1639689897
BubbleSortParallelDivideAndConquer	6	1	650444218
BubbleSortOpt1	6	2	1642319416
BubbleSortParallelOddEven	6	2	265788724
BubbleSortParallelDivideAndConquer	6	2	618064701
BubbleSortParallelDivideAndConquer	6	3	625251715
BubbleSortParallelOddEven	6	3	238758494
BubbleSortOpt1	6	3	1708412522
BubbleSortParallelDivideAndConquer	6	4	630232774
BubbleSortParallelOddEven	6	4	269502346
BubbleSortOpt1	6	4	1663146806
BubbleSortParallelDivideAndConquer	6	5	638048261
BubbleSortParallelOddEven	6	5	238893362
BubbleSortOpt1	6	5	1662490737
BubbleSortParallelDivideAndConquer	6	6	629969102
BubbleSortOpt1	6	6	1649889370
BubbleSortParallelOddEven	6	6	241623828
BubbleSortParallelDivideAndConquer	6	7	628170614
BubbleSortOpt1	6	7	1642459717
BubbleSortParallelOddEven	6	7	251868446
BubbleSortParallelOddEven	6	8	245325904
BubbleSortOpt1	6	8	1661155331
BubbleSortParallelDivideAndConquer	6	8	633273257
BubbleSortOpt1	6	9	1689663049
BubbleSortParallelOddEven	6	9	276369182
BubbleSortParallelDivideAndConquer	6	9	640905835
BubbleSortOpt1	6	10	1643798646
BubbleSortParallelDivideAndConquer	6	10	634203032
BubbleSortParallelOddEven	6	10	237016289
BubbleSortOpt1	6	11	1664238375
BubbleSortParallelOddEven	6	11	253552900
BubbleSortParallelDivideAndConquer	6	11	636313209
BubbleSortParallelDivideAndConquer	6	12	611314118
BubbleSortParallelOddEven	6	12	255438276
BubbleSortOpt1	6	12	1636136304
BubbleSortParallelDivideAndConquer	6	13	638583467
BubbleSortOpt1	6	13	1651090474
BubbleSortParallelOddEven	6	13	255963577
BubbleSortParallelOddEven	6	14	234213596
BubbleSortParallelDivideAndConquer	6	14	638585792
BubbleSortOpt1	6	14	1634835460
BubbleSortOpt1	6	15	1650443041
BubbleSortParallelDivideAndConquer	6	15	657940702
BubbleSortParallelOddEven	6	15	231034876
BubbleSortParallelDivideAndConquer	6	16	706776069
BubbleSortParallelOddEven	6	16	231917170
BubbleSortOpt1	6	16	1669384902
BubbleSortParallelOddEven	6	17	259084702
BubbleSortParallelDivideAndConquer	6	17	624908379
BubbleSortOpt1	6	17	1656976460
BubbleSortOpt1	6	18	1636223605
BubbleSortParallelDivideAndConquer	6	18	629112748
BubbleSortParallelOddEven	6	18	244717769
BubbleSortParallelDivideAndConquer	6	19	616368467
BubbleSortParallelOddEven	6	19	246633062
BubbleSortOpt1	6	19	1639778767
BubbleSortParallelDivideAndConquer	6	20	643829553
BubbleSortParallelOddEven	6	20	235816560
BubbleSortOpt1	6	20	1647405146
BubbleSortOpt1	8	1	1628663726
BubbleSortParallelOddEven	8	1	286451556
BubbleSortParallelDivideAndConquer	8	1	542597262
BubbleSortParallelDivideAndConquer	8	2	574365994
BubbleSortParallelOddEven	8	2	233264515
BubbleSortOpt1	8	2	1641032476
BubbleSortParallelOddEven	8	3	278860962
BubbleSortOpt1	8	3	1661806683
BubbleSortParallelDivideAndConquer	8	3	605345464
BubbleSortOpt1	8	4	1722521612
BubbleSortParallelDivideAndConquer	8	4	591460597
BubbleSortParallelOddEven	8	4	260342053
BubbleSortParallelOddEven	8	5	230852619
BubbleSortParallelDivideAndConquer	8	5	561382590
BubbleSortOpt1	8	5	1642961498
BubbleSortParallelDivideAndConquer	8	6	615886308
BubbleSortParallelOddEven	8	6	245965823
BubbleSortOpt1	8	6	1648711951
BubbleSortParallelDivideAndConquer	8	7	567196411
BubbleSortOpt1	8	7	1648033772
BubbleSortParallelOddEven	8	7	293307359
BubbleSortParallelDivideAndConquer	8	8	617149948
BubbleSortOpt1	8	8	1655494240
BubbleSortParallelOddEven	8	8	280245737
BubbleSortOpt1	8	9	1631906540
BubbleSortParallelDivideAndConquer	8	9	615440957
BubbleSortParallelOddEven	8	9	235338353
BubbleSortParallelDivideAndConquer	8	10	581935066
BubbleSortOpt1	8	10	1640171785
BubbleSortParallelOddEven	8	10	262917394
BubbleSortParallelDivideAndConquer	8	11	532806410
BubbleSortParallelOddEven	8	11	248344108
BubbleSortOpt1	8	11	1642188486
BubbleSortParallelDivideAndConquer	8	12	602362811
BubbleSortOpt1	8	12	1655704600
BubbleSortParallelOddEven	8	12	291281778
BubbleSortOpt1	8	13	1620986786
BubbleSortParallelDivideAndConquer	8	13	604664133
BubbleSortParallelOddEven	8	13	235239705
BubbleSortOpt1	8	14	1635462221
BubbleSortParallelOddEven	8	14	276717605
BubbleSortParallelDivideAndConquer	8	14	548323509
BubbleSortOpt1	8	15	1644719573
BubbleSortParallelOddEven	8	15	284233948
BubbleSortParallelDivideAndConquer	8	15	552501899
BubbleSortOpt1	8	16	1695138630
BubbleSortParallelDivideAndConquer	8	16	614978558
BubbleSortParallelOddEven	8	16	270416374
BubbleSortParallelOddEven	8	17	257786883
BubbleSortOpt1	8	17	1650056523
BubbleSortParallelDivideAndConquer	8	17	594463480
BubbleSortOpt1	8	18	1634537928
BubbleSortParallelDivideAndConquer	8	18	590048512
BubbleSortParallelOddEven	8	18	227598678
BubbleSortParallelOddEven	8	19	245912103
BubbleSortOpt1	8	19	1633826804
BubbleSortParallelDivideAndConquer	8	19	568080906
BubbleSortParallelOddEven	8	20	248336264
BubbleSortParallelDivideAndConquer	8	20	641396554
BubbleSortOpt1	8	20	1656321257
BubbleSortParallelOddEven	12	1	255001088
BubbleSortOpt1	12	1	1657422076
BubbleSortParallelDivideAndConquer	12	1	597397645
BubbleSortParallelDivideAndConquer	12	2	573928792
BubbleSortParallelOddEven	12	2	266063421
BubbleSortOpt1	12	2	1657464393
BubbleSortOpt1	12	3	1655335888
BubbleSortParallelDivideAndConquer	12	3	605502506
BubbleSortParallelOddEven	12	3	286945717
BubbleSortParallelOddEven	12	4	281677435
BubbleSortOpt1	12	4	1698280644
BubbleSortParallelDivideAndConquer	12	4	612857889
BubbleSortOpt1	12	5	1668664929
BubbleSortParallelOddEven	12	5	333734119
BubbleSortParallelDivideAndConquer	12	5	694015196
BubbleSortParallelDivideAndConquer	12	6	519394496
BubbleSortOpt1	12	6	1675937200
BubbleSortParallelOddEven	12	6	309555247
BubbleSortParallelDivideAndConquer	12	7	678368180
BubbleSortParallelOddEven	12	7	268761638
BubbleSortOpt1	12	7	1653401561
BubbleSortOpt1	12	8	1658620388
BubbleSortParallelOddEven	12	8	313419353
BubbleSortParallelDivideAndConquer	12	8	532080473
BubbleSortOpt1	12	9	1657126725
BubbleSortParallelDivideAndConquer	12	9	628794695
BubbleSortParallelOddEven	12	9	256290352
BubbleSortParallelDivideAndConquer	12	10	573982438
BubbleSortOpt1	12	10	1650509085
BubbleSortParallelOddEven	12	10	315804293
BubbleSortOpt1	12	11	1655039402
BubbleSortParallelOddEven	12	11	293987166
BubbleSortParallelDivideAndConquer	12	11	601642282
BubbleSortParallelDivideAndConquer	12	12	524601703
BubbleSortOpt1	12	12	1642018143
BubbleSortParallelOddEven	12	12	295436909
BubbleSortParallelOddEven	12	13	270495438
BubbleSortParallelDivideAndConquer	12	13	534899107
BubbleSortOpt1	12	13	1639545120
BubbleSortOpt1	12	14	1638620000
BubbleSortParallelDivideAndConquer	12	14	632797086
BubbleSortParallelOddEven	12	14	281227568
BubbleSortParallelOddEven	12	15	267696625
BubbleSortOpt1	12	15	1626631500
BubbleSortParallelDivideAndConquer	12	15	624267459
BubbleSortOpt1	12	16	1653881035
BubbleSortParallelOddEven	12	16	321211148
BubbleSortParallelDivideAndConquer	12	16	596624968
BubbleSortParallelDivideAndConquer	12	17	558651208
BubbleSortParallelOddEven	12	17	253369185
BubbleSortOpt1	12	17	1645610358
BubbleSortOpt1	12	18	1627855316
BubbleSortParallelDivideAndConquer	12	18	614133783
BubbleSortParallelOddEven	12	18	255931165
BubbleSortOpt1	12	19	1656221079
BubbleSortParallelOddEven	12	19	292858170
BubbleSortParallelDivideAndConquer	12	19	570416312
BubbleSortParallelDivideAndConquer	12	20	556729375
BubbleSortOpt1	12	20	1641118133
BubbleSortParallelOddEven	12	20	295112903
BubbleSortParallelDivideAndConquer	16	1	715672830
BubbleSortParallelOddEven	16	1	323275105
BubbleSortOpt1	16	1	1642150028
BubbleSortParallelDivideAndConquer	16	2	755137242
BubbleSortOpt1	16	2	1649122861
BubbleSortParallelOddEven	16	2	345518379
BubbleSortParallelOddEven	16	3	322463611
BubbleSortOpt1	16	3	1658799467
BubbleSortParallelDivideAndConquer	16	3	793153680
BubbleSortOpt1	16	4	1667347286
BubbleSortParallelDivideAndConquer	16	4	726443062
BubbleSortParallelOddEven	16	4	337897782
BubbleSortParallelDivideAndConquer	16	5	721136454
BubbleSortOpt1	16	5	1650217072
BubbleSortParallelOddEven	16	5	366534339
BubbleSortParallelOddEven	16	6	317366612
BubbleSortParallelDivideAndConquer	16	6	709682057
BubbleSortOpt1	16	6	1636338833
BubbleSortParallelDivideAndConquer	16	7	756347098
BubbleSortParallelOddEven	16	7	319699738
BubbleSortOpt1	16	7	1666640774
BubbleSortParallelDivideAndConquer	16	8	732313586
BubbleSortOpt1	16	8	1663796549
BubbleSortParallelOddEven	16	8	368301690
BubbleSortParallelDivideAndConquer	16	9	694549962
BubbleSortOpt1	16	9	1643535540
BubbleSortParallelOddEven	16	9	343561378
BubbleSortParallelOddEven	16	10	323414130
BubbleSortOpt1	16	10	1636124020
BubbleSortParallelDivideAndConquer	16	10	764294802
BubbleSortParallelOddEven	16	11	309073320
BubbleSortOpt1	16	11	1652235604
BubbleSortParallelDivideAndConquer	16	11	751787608
BubbleSortOpt1	16	12	1651751394
BubbleSortParallelDivideAndConquer	16	12	750331656
BubbleSortParallelOddEven	16	12	321015441
BubbleSortParallelOddEven	16	13	330428390
BubbleSortOpt1	16	13	1648970891
BubbleSortParallelDivideAndConquer	16	13	754692312
BubbleSortParallelDivideAndConquer	16	14	741108539
BubbleSortOpt1	16	14	1634960151
BubbleSortParallelOddEven	16	14	362368665
BubbleSortParallelDivideAndConquer	16	15	746709860
BubbleSortParallelOddEven	16	15	334576609
BubbleSortOpt1	16	15	1715573077
BubbleSortParallelOddEven	16	16	348126580
BubbleSortOpt1	16	16	1664147258
BubbleSortParallelDivideAndConquer	16	16	739707195
BubbleSortOpt1	16	17	1658538772
BubbleSortParallelDivideAndConquer	16	17	742777051
BubbleSortParallelOddEven	16	17	310364878
BubbleSortParallelOddEven	16	18	310942246
BubbleSortOpt1	16	18	1633565854
BubbleSortParallelDivideAndConquer	16	18	764541672
BubbleSortParallelOddEven	16	19	305538773
BubbleSortOpt1	16	19	1667094333
BubbleSortParallelDivideAndConquer	16	19	740872995
BubbleSortParallelDivideAndConquer	16	20	707781640
BubbleSortOpt1	16	20	1657283661
BubbleSortParallelOddEven	16	20	342691793
BubbleSortParallelDivideAndConquer	20	1	719280140
BubbleSortOpt1	20	1	1724738746
BubbleSortParallelOddEven	20	1	750911916
BubbleSortOpt1	20	2	1668692910
BubbleSortParallelOddEven	20	2	423642545
BubbleSortParallelDivideAndConquer	20	2	674338269
BubbleSortParallelDivideAndConquer	20	3	745776602
BubbleSortOpt1	20	3	1651531107
BubbleSortParallelOddEven	20	3	359903039
BubbleSortOpt1	20	4	1647834918
BubbleSortParallelDivideAndConquer	20	4	753590324
BubbleSortParallelOddEven	20	4	401530386
BubbleSortParallelOddEven	20	5	321278014
BubbleSortOpt1	20	5	1639448064
BubbleSortParallelDivideAndConquer	20	5	739013003
BubbleSortParallelDivideAndConquer	20	6	676004858
BubbleSortOpt1	20	6	1642726542
BubbleSortParallelOddEven	20	6	398307029
BubbleSortOpt1	20	7	1635145288
BubbleSortParallelDivideAndConquer	20	7	839996449
BubbleSortParallelOddEven	20	7	316263051
BubbleSortParallelOddEven	20	8	369203477
BubbleSortOpt1	20	8	1642761723
BubbleSortParallelDivideAndConquer	20	8	802155383
BubbleSortParallelDivideAndConquer	20	9	738755791
BubbleSortParallelOddEven	20	9	353138488
BubbleSortOpt1	20	9	1648523526
BubbleSortParallelOddEven	20	10	369443598
BubbleSortParallelDivideAndConquer	20	10	783565240
BubbleSortOpt1	20	10	1645869272
BubbleSortParallelDivideAndConquer	20	11	801072121
BubbleSortOpt1	20	11	1620627855
BubbleSortParallelOddEven	20	11	384746804
BubbleSortParallelOddEven	20	12	330412828
BubbleSortParallelDivideAndConquer	20	12	1520686886
BubbleSortOpt1	20	12	1689742239
BubbleSortParallelOddEven	20	13	663944982
BubbleSortParallelDivideAndConquer	20	13	946060007
BubbleSortOpt1	20	13	1645635226
BubbleSortOpt1	20	14	1633512492
BubbleSortParallelDivideAndConquer	20	14	763061615
BubbleSortParallelOddEven	20	14	295580645
BubbleSortParallelDivideAndConquer	20	15	777282521
BubbleSortParallelOddEven	20	15	394679218
BubbleSortOpt1	20	15	1627804995
BubbleSortParallelOddEven	20	16	426846871
BubbleSortParallelDivideAndConquer	20	16	773422192
BubbleSortOpt1	20	16	1654799621
BubbleSortParallelDivideAndConquer	20	17	766604696
BubbleSortOpt1	20	17	1627003621
BubbleSortParallelOddEven	20	17	416069699
BubbleSortParallelOddEven	20	18	315000197
BubbleSortParallelDivideAndConquer	20	18	748712373
BubbleSortOpt1	20	18	1658966497
BubbleSortOpt1	20	19	1636863489
BubbleSortParallelDivideAndConquer	20	19	772561137
BubbleSortParallelOddEven	20	19	316099913
BubbleSortOpt1	20	20	1649091638
BubbleSortParallelOddEven	20	20	349845169
BubbleSortParallelDivideAndConquer	20	20	734097525
