# algorithm	order	size	timeNs
HeapsortSlowComparisons	random	1024	551791
HeapsortSlowComparisons	random	2048	1209333
HeapsortSlowComparisons	random	4096	2668125
HeapsortSlowComparisons	random	8192	5853834
HeapsortSlowComparisons	random	16384	12625833
HeapsortSlowComparisons	random	32768	27331042
HeapsortSlowComparisons	random	65536	58825250
HeapsortSlowComparisons	random	131072	125703041
HeapsortSlowComparisons	random	262144	268008083
HeapsortSlowComparisons	random	524288	571002375
HeapsortSlowComparisons	random	1048576	1210075792
HeapsortSlowComparisons	random	2097152	2573113958
HeapsortSlowComparisons	random	4194304	5508905875
HeapsortSlowComparisons	random	8388608	12146720125
BottomUpHeapsortSlowComparisons	random	1024	338000
BottomUpHeapsortSlowComparisons	random	2048	745667
BottomUpHeapsortSlowComparisons	random	4096	1568791
BottomUpHeapsortSlowComparisons	random	8192	3403125
BottomUpHeapsortSlowComparisons	random	16384	7276750
BottomUpHeapsortSlowComparisons	random	32768	15658500
BottomUpHeapsortSlowComparisons	random	65536	33259792
BottomUpHeapsortSlowComparisons	random	131072	70798708
BottomUpHeapsortSlowComparisons	random	262144	150434042
BottomUpHeapsortSlowComparisons	random	524288	318381209
BottomUpHeapsortSlowComparisons	random	1048576	674440291
BottomUpHeapsortSlowComparisons	random	2097152	1438885625
BottomUpHeapsortSlowComparisons	random	4194304	3076939250
BottomUpHeapsortSlowComparisons	random	8388608	6869382125
HeapsortSlowComparisons	random	1024	551583
HeapsortSlowComparisons	random	2048	1216083
HeapsortSlowComparisons	random	4096	2662125
HeapsortSlowComparisons	random	8192	5850834
HeapsortSlowComparisons	random	16384	12652083
HeapsortSlowComparisons	random	32768	27367375
HeapsortSlowComparisons	random	65536	58744459
HeapsortSlowComparisons	random	131072	125731916
HeapsortSlowComparisons	random	262144	267909709
HeapsortSlowComparisons	random	524288	570283833
HeapsortSlowComparisons	random	1048576	1210487333
HeapsortSlowComparisons	random	2097152	2573121167
HeapsortSlowComparisons	random	4194304	5520103500
HeapsortSlowComparisons	random	8388608	12145856625
BottomUpHeapsortSlowComparisons	random	1024	341875
BottomUpHeapsortSlowComparisons	random	2048	729958
BottomUpHeapsortSlowComparisons	random	4096	1600541
BottomUpHeapsortSlowComparisons	random	8192	3401333
BottomUpHeapsortSlowComparisons	random	16384	7276417
BottomUpHeapsortSlowComparisons	random	32768	15604916
BottomUpHeapsortSlowComparisons	random	65536	33315625
BottomUpHeapsortSlowComparisons	random	131072	70891334
BottomUpHeapsortSlowComparisons	random	262144	150290625
BottomUpHeapsortSlowComparisons	random	524288	318274333
BottomUpHeapsortSlowComparisons	random	1048576	675325209
BottomUpHeapsortSlowComparisons	random	2097152	1430469916
BottomUpHeapsortSlowComparisons	random	4194304	3099952167
BottomUpHeapsortSlowComparisons	random	8388608	6871362875
HeapsortSlowComparisons	random	1024	548833
HeapsortSlowComparisons	random	2048	1213666
HeapsortSlowComparisons	random	4096	2658959
HeapsortSlowComparisons	random	8192	5813542
HeapsortSlowComparisons	random	16384	12687833
HeapsortSlowComparisons	random	32768	27347792
HeapsortSlowComparisons	random	65536	58812334
HeapsortSlowComparisons	random	131072	125714792
HeapsortSlowComparisons	random	262144	268136958
HeapsortSlowComparisons	random	524288	572756459
HeapsortSlowComparisons	random	1048576	1210445125
HeapsortSlowComparisons	random	2097152	2567439834
HeapsortSlowComparisons	random	4194304	5542123583
HeapsortSlowComparisons	random	8388608	12126520084
BottomUpHeapsortSlowComparisons	random	1024	356084
BottomUpHeapsortSlowComparisons	random	2048	736000
BottomUpHeapsortSlowComparisons	random	4096	1580250
BottomUpHeapsortSlowComparisons	random	8192	3392625
BottomUpHeapsortSlowComparisons	random	16384	7280542
BottomUpHeapsortSlowComparisons	random	32768	15605334
BottomUpHeapsortSlowComparisons	random	65536	33304708
BottomUpHeapsortSlowComparisons	random	131072	70771709
BottomUpHeapsortSlowComparisons	random	262144	150064084
BottomUpHeapsortSlowComparisons	random	524288	317973750
BottomUpHeapsortSlowComparisons	random	1048576	677303458
BottomUpHeapsortSlowComparisons	random	2097152	1434956458
BottomUpHeapsortSlowComparisons	random	4194304	3076524708
BottomUpHeapsortSlowComparisons	random	8388608	6870729583
HeapsortSlowComparisons	random	1024	545500
HeapsortSlowComparisons	random	2048	1212583
HeapsortSlowComparisons	random	4096	2683709
HeapsortSlowComparisons	random	8192	5869875
HeapsortSlowComparisons	random	16384	12674250
HeapsortSlowComparisons	random	32768	27323375
HeapsortSlowComparisons	random	65536	58835208
HeapsortSlowComparisons	random	131072	125806583
HeapsortSlowComparisons	random	262144	268171375
HeapsortSlowComparisons	random	524288	569468792
HeapsortSlowComparisons	random	1048576	1210142333
HeapsortSlowComparisons	random	2097152	2593587458
HeapsortSlowComparisons	random	4194304	5532730208
HeapsortSlowComparisons	random	8388608	12162789625
BottomUpHeapsortSlowComparisons	random	1024	345833
BottomUpHeapsortSlowComparisons	random	2048	726458
BottomUpHeapsortSlowComparisons	random	4096	1569875
BottomUpHeapsortSlowComparisons	random	8192	3383333
BottomUpHeapsortSlowComparisons	random	16384	7280250
BottomUpHeapsortSlowComparisons	random	32768	15554458
BottomUpHeapsortSlowComparisons	random	65536	33318875
BottomUpHeapsortSlowComparisons	random	131072	70852250
BottomUpHeapsortSlowComparisons	random	262144	150221583
BottomUpHeapsortSlowComparisons	random	524288	318590208
BottomUpHeapsortSlowComparisons	random	1048576	674600750
BottomUpHeapsortSlowComparisons	random	2097152	1438355167
BottomUpHeapsortSlowComparisons	random	4194304	3075652708
BottomUpHeapsortSlowComparisons	random	8388608	6874542709
HeapsortSlowComparisons	random	1024	545750
HeapsortSlowComparisons	random	2048	1240875
HeapsortSlowComparisons	random	4096	2658667
HeapsortSlowComparisons	random	8192	5825167
HeapsortSlowComparisons	random	16384	12678666
HeapsortSlowComparisons	random	32768	27623459
HeapsortSlowComparisons	random	65536	58911500
HeapsortSlowComparisons	random	131072	125720083
HeapsortSlowComparisons	random	262144	269711167
HeapsortSlowComparisons	random	524288	573403125
HeapsortSlowComparisons	random	1048576	1215930875
HeapsortSlowComparisons	random	2097152	2575198708
HeapsortSlowComparisons	random	4194304	5510180583
HeapsortSlowComparisons	random	8388608	12107628416
BottomUpHeapsortSlowComparisons	random	1024	340292
BottomUpHeapsortSlowComparisons	random	2048	754000
BottomUpHeapsortSlowComparisons	random	4096	1585958
BottomUpHeapsortSlowComparisons	random	8192	3396500
BottomUpHeapsortSlowComparisons	random	16384	7293750
BottomUpHeapsortSlowComparisons	random	32768	15625500
BottomUpHeapsortSlowComparisons	random	65536	33288500
BottomUpHeapsortSlowComparisons	random	131072	70805334
BottomUpHeapsortSlowComparisons	random	262144	150209917
BottomUpHeapsortSlowComparisons	random	524288	318389750
BottomUpHeapsortSlowComparisons	random	1048576	674676625
BottomUpHeapsortSlowComparisons	random	2097152	1433853042
BottomUpHeapsortSlowComparisons	random	4194304	3082654125
BottomUpHeapsortSlowComparisons	random	8388608	6901643333
HeapsortSlowComparisons	random	1024	605542
HeapsortSlowComparisons	random	2048	1204917
HeapsortSlowComparisons	random	4096	2705083
HeapsortSlowComparisons	random	8192	5954125
HeapsortSlowComparisons	random	16384	12929666
HeapsortSlowComparisons	random	32768	27329500
HeapsortSlowComparisons	random	65536	58817000
HeapsortSlowComparisons	random	131072	125696917
HeapsortSlowComparisons	random	262144	267964291
HeapsortSlowComparisons	random	524288	570235834
HeapsortSlowComparisons	random	1048576	1209295417
HeapsortSlowComparisons	random	2097152	2572655250
HeapsortSlowComparisons	random	4194304	5515878417
HeapsortSlowComparisons	random	8388608	12131879708
BottomUpHeapsortSlowComparisons	random	1024	342917
BottomUpHeapsortSlowComparisons	random	2048	730167
BottomUpHeapsortSlowComparisons	random	4096	1573375
BottomUpHeapsortSlowComparisons	random	8192	3384500
BottomUpHeapsortSlowComparisons	random	16384	7283292
BottomUpHeapsortSlowComparisons	random	32768	15563625
BottomUpHeapsortSlowComparisons	random	65536	33256500
BottomUpHeapsortSlowComparisons	random	131072	70852000
BottomUpHeapsortSlowComparisons	random	262144	150234250
BottomUpHeapsortSlowComparisons	random	524288	318619125
BottomUpHeapsortSlowComparisons	random	1048576	675334583
BottomUpHeapsortSlowComparisons	random	2097152	1432700000
BottomUpHeapsortSlowComparisons	random	4194304	3080098625
BottomUpHeapsortSlowComparisons	random	8388608	6923778417
HeapsortSlowComparisons	random	1024	555750
HeapsortSlowComparisons	random	2048	1212000
HeapsortSlowComparisons	random	4096	2707000
HeapsortSlowComparisons	random	8192	5852375
HeapsortSlowComparisons	random	16384	12656458
HeapsortSlowComparisons	random	32768	27321125
HeapsortSlowComparisons	random	65536	58827917
HeapsortSlowComparisons	random	131072	125905000
HeapsortSlowComparisons	random	262144	268221833
HeapsortSlowComparisons	random	524288	569619250
HeapsortSlowComparisons	random	1048576	1210092625
HeapsortSlowComparisons	random	2097152	2569755000
HeapsortSlowComparisons	random	4194304	5510303625
HeapsortSlowComparisons	random	8388608	12124258167
BottomUpHeapsortSlowComparisons	random	1024	341834
BottomUpHeapsortSlowComparisons	random	2048	732959
BottomUpHeapsortSlowComparisons	random	4096	1592750
BottomUpHeapsortSlowComparisons	random	8192	3385000
BottomUpHeapsortSlowComparisons	random	16384	7313875
BottomUpHeapsortSlowComparisons	random	32768	15568167
BottomUpHeapsortSlowComparisons	random	65536	33312625
BottomUpHeapsortSlowComparisons	random	131072	70778708
BottomUpHeapsortSlowComparisons	random	262144	150233375
BottomUpHeapsortSlowComparisons	random	524288	318362125
BottomUpHeapsortSlowComparisons	random	1048576	675471334
BottomUpHeapsortSlowComparisons	random	2097152	1436923667
BottomUpHeapsortSlowComparisons	random	4194304	3090574083
BottomUpHeapsortSlowComparisons	random	8388608	6870602250
HeapsortSlowComparisons	random	1024	549416
HeapsortSlowComparisons	random	2048	1231459
HeapsortSlowComparisons	random	4096	2672333
HeapsortSlowComparisons	random	8192	5810625
HeapsortSlowComparisons	random	16384	12657875
HeapsortSlowComparisons	random	32768	27340292
HeapsortSlowComparisons	random	65536	58860375
HeapsortSlowComparisons	random	131072	125847584
HeapsortSlowComparisons	random	262144	268022417
HeapsortSlowComparisons	random	524288	569337375
HeapsortSlowComparisons	random	1048576	1212903375
HeapsortSlowComparisons	random	2097152	2569920209
HeapsortSlowComparisons	random	4194304	5506078792
HeapsortSlowComparisons	random	8388608	12108074291
BottomUpHeapsortSlowComparisons	random	1024	347167
BottomUpHeapsortSlowComparisons	random	2048	734958
BottomUpHeapsortSlowComparisons	random	4096	1573166
BottomUpHeapsortSlowComparisons	random	8192	3384500
BottomUpHeapsortSlowComparisons	random	16384	7328666
BottomUpHeapsortSlowComparisons	random	32768	15563250
BottomUpHeapsortSlowComparisons	random	65536	33248125
BottomUpHeapsortSlowComparisons	random	131072	70769708
BottomUpHeapsortSlowComparisons	random	262144	150043208
BottomUpHeapsortSlowComparisons	random	524288	318798541
BottomUpHeapsortSlowComparisons	random	1048576	674958958
BottomUpHeapsortSlowComparisons	random	2097152	1449924750
BottomUpHeapsortSlowComparisons	random	4194304	3115047125
BottomUpHeapsortSlowComparisons	random	8388608	6873443125
HeapsortSlowComparisons	random	1024	549417
HeapsortSlowComparisons	random	2048	1211750
HeapsortSlowComparisons	random	4096	2665083
HeapsortSlowComparisons	random	8192	5871459
HeapsortSlowComparisons	random	16384	12650417
HeapsortSlowComparisons	random	32768	27402292
HeapsortSlowComparisons	random	65536	58759458
HeapsortSlowComparisons	random	131072	125700625
HeapsortSlowComparisons	random	262144	268060541
HeapsortSlowComparisons	random	524288	569975083
HeapsortSlowComparisons	random	1048576	1210364916
HeapsortSlowComparisons	random	2097152	2571283417
HeapsortSlowComparisons	random	4194304	5501818292
HeapsortSlowComparisons	random	8388608	12134072750
BottomUpHeapsortSlowComparisons	random	1024	337875
BottomUpHeapsortSlowComparisons	random	2048	739209
BottomUpHeapsortSlowComparisons	random	4096	1571125
BottomUpHeapsortSlowComparisons	random	8192	3415958
BottomUpHeapsortSlowComparisons	random	16384	7273375
BottomUpHeapsortSlowComparisons	random	32768	15591958
BottomUpHeapsortSlowComparisons	random	65536	33289333
BottomUpHeapsortSlowComparisons	random	131072	71172625
BottomUpHeapsortSlowComparisons	random	262144	154378416
BottomUpHeapsortSlowComparisons	random	524288	319955250
BottomUpHeapsortSlowComparisons	random	1048576	674188542
BottomUpHeapsortSlowComparisons	random	2097152	1435422750
BottomUpHeapsortSlowComparisons	random	4194304	3086514417
BottomUpHeapsortSlowComparisons	random	8388608	6862004292
HeapsortSlowComparisons	random	1024	569667
HeapsortSlowComparisons	random	2048	1211833
HeapsortSlowComparisons	random	4096	2715083
HeapsortSlowComparisons	random	8192	6031500
HeapsortSlowComparisons	random	16384	12684834
HeapsortSlowComparisons	random	32768	27316208
HeapsortSlowComparisons	random	65536	58742791
HeapsortSlowComparisons	random	131072	125953000
HeapsortSlowComparisons	random	262144	268236583
HeapsortSlowComparisons	random	524288	569624667
HeapsortSlowComparisons	random	1048576	1208866208
HeapsortSlowComparisons	random	2097152	2573280500
HeapsortSlowComparisons	random	4194304	5510896417
HeapsortSlowComparisons	random	8388608	12158994584
BottomUpHeapsortSlowComparisons	random	1024	346959
BottomUpHeapsortSlowComparisons	random	2048	736750
BottomUpHeapsortSlowComparisons	random	4096	1616333
BottomUpHeapsortSlowComparisons	random	8192	3392250
BottomUpHeapsortSlowComparisons	random	16384	7273458
BottomUpHeapsortSlowComparisons	random	32768	15615250
BottomUpHeapsortSlowComparisons	random	65536	33314250
BottomUpHeapsortSlowComparisons	random	131072	70736084
BottomUpHeapsortSlowComparisons	random	262144	150482125
BottomUpHeapsortSlowComparisons	random	524288	318375292
BottomUpHeapsortSlowComparisons	random	1048576	675046167
BottomUpHeapsortSlowComparisons	random	2097152	1432845375
BottomUpHeapsortSlowComparisons	random	4194304	3080149875
BottomUpHeapsortSlowComparisons	random	8388608	6857771250
