# algorithm	size	timeNs
RadixSortWithArraysAndCustomBase(1048576)	5555555	83380875
RecursiveMsdRadixSortWithArraysAndCustomBase(8)	5555555	240202917
RadixSortWithCountingSortAndCustomBase(128)	5555555	43108708
RadixSortWithArraysAndCustomBase(1024)	5555555	37540916
RadixSortWithArraysAndCustomBase(32)	5555555	58163750
RadixSortWithCountingSortAndCustomBase(8)	5555555	83427542
RadixSortWithDynamicListsAndCustomBase(8)	5555555	229688833
RadixSortWithArraysAndCustomBase(32768)	5555555	30756500
RadixSortWithArraysAndCustomBase(524288)	5555555	63838000
RadixSortWithDynamicListsAndCustomBase(1024)	5555555	124362458
RadixSortWithArraysAndCustomBase(1000000)	5555555	81475875
RecursiveMsdRadixSortWithArraysAndCustomBase(10000)	5555555	103728958
RecursiveMsdRadixSortWithArraysAndCustomBase(128)	5555555	138534500
RadixSortWithDynamicListsAndCustomBase(32)	5555555	189616209
RadixSortWithArraysAndCustomBase(2048)	5555555	40721042
RadixSortWithDynamicListsAndCustomBase(128)	5555555	143042625
RadixSortWithCountingSortAndCustomBase(8192)	5555555	22670417
RadixSortWithArraysAndCustomBase(8)	5555555	94593375
RecursiveMsdRadixSortWithArraysAndCustomBase(10)	5555555	202281333
RadixSortWithArraysAndCustomBase(4)	5555555	143758083
RecursiveMsdRadixSortWithArraysAndCustomBase(16)	5555555	188922084
RadixSortWithCountingSortAndCustomBase(1000000)	5555555	27563458
RadixSortWithDynamicListsAndCustomBase(262144)	5555555	184960333
RecursiveMsdRadixSortWithArraysAndCustomBase(512)	5555555	106737667
RadixSortWithCountingSortAndCustomBase(64)	5555555	41698958
RadixSortWithCountingSortAndCustomBase(32768)	5555555	23015708
RadixSortWithDynamicListsAndCustomBase(512)	5555555	124828584
RecursiveMsdRadixSortWithArraysAndCustomBase(1024)	5555555	108275166
RadixSortWithArraysAndCustomBase(262144)	5555555	52325666
RadixSortWithArraysAndCustomBase(1000)	5555555	37725750
RecursiveMsdRadixSortWithArraysAndCustomBase(4)	5555555	357406875
RadixSortWithCountingSortAndCustomBase(131072)	5555555	26727417
RecursiveMsdRadixSortWithArraysAndCustomBase(256)	5555555	111124667
RadixSortWithArraysAndCustomBase(8192)	5555555	29903500
RadixSortWithDynamicListsAndCustomBase(2)	5555555	489897167
RecursiveMsdRadixSortWithArraysAndCustomBase(32768)	5555555	105688166
RadixSortWithDynamicListsAndCustomBase(2048)	5555555	123564917
RadixSortWithDynamicListsAndCustomBase(524288)	5555555	211176375
RadixSortWithCountingSortAndCustomBase(2)	5555555	351881250
RadixSortWithDynamicListsAndCustomBase(4)	5555555	303637875
RadixSortWithDynamicListsAndCustomBase(256)	5555555	123261667
RadixSortWithCountingSortAndCustomBase(1024)	5555555	31751458
RadixSortWithArrays	5555555	87709291
RadixSortWithCountingSortAndCustomBase(4096)	5555555	21672625
RecursiveMsdRadixSortWithArraysAndCustomBase(65536)	5555555	106961625
RadixSortWithCountingSortAndCustomBase(512)	5555555	31697375
RadixSortWithCountingSortAndCustomBase(10000)	5555555	22782166
RecursiveMsdRadixSortWithArraysAndCustomBase(131072)	5555555	111091917
RadixSortWithArraysAndCustomBase(100)	5555555	47207792
RadixSortWithArraysAndCustomBase(4096)	5555555	29350417
RadixSortWithArraysAndCustomBase(100000)	5555555	37164792
RadixSortWithCountingSortAndCustomBase(524288)	5555555	26268708
RecursiveMsdRadixSortWithArraysAndCustomBase(2048)	5555555	114936959
RecursiveMsdRadixSortWithArraysAndCustomBase(16384)	5555555	104411208
RecursiveMsdRadixSortWithArraysAndCustomBase(100000)	5555555	108904333
RadixSortWithDynamicListsAndCustomBase(16384)	5555555	110633458
RadixSortWithCountingSortAndCustomBase(1048576)	5555555	28878041
RadixSortWithCountingSortAndCustomBase(256)	5555555	33000792
RadixSortWithCountingSortAndCustomBase(65536)	5555555	23836291
RadixSortWithDynamicListsAndCustomBase(8192)	5555555	104777417
RadixSortWithArraysAndCustomBase(10000)	5555555	28546750
RadixSortWithDynamicListsAndCustomBase(4096)	5555555	102591500
RadixSortWithCountingSort	5555555	72250500
RadixSortWithCountingSortAndCustomBase(2048)	5555555	35285291
RadixSortWithArraysAndCustomBase(16)	5555555	69817583
RadixSortWithCountingSortAndCustomBase(262144)	5555555	25094167
RecursiveMsdRadixSortWithArraysAndCustomBase(8192)	5555555	103949416
RadixSortWithArraysAndCustomBase(256)	5555555	36055750
RadixSortWithCountingSortAndCustomBase(1000)	5555555	31859333
RecursiveMsdRadixSortWithArraysAndCustomBase(4096)	5555555	103318916
RecursiveMsdRadixSortWithArraysAndCustomBase(524288)	5555555	159082167
RadixSortWithDynamicListsAndCustomBase(64)	5555555	161892417
RadixSortWithArraysAndCustomBase(65536)	5555555	32583625
RadixSortWithCountingSortAndCustomBase(4)	5555555	125132708
RecursiveMsdRadixSortWithArraysAndCustomBase(1000)	5555555	108845334
RadixSortWithCountingSortAndCustomBase(16)	5555555	62204042
RadixSortWithDynamicListsAndCustomBase(1048576)	5555555	258027166
RecursiveMsdRadixSortWithArraysAndCustomBase(64)	5555555	139577042
RecursiveMsdRadixSortWithArraysAndCustomBase(262144)	5555555	123173791
RadixSortWithDynamicListsAndCustomBase(65536)	5555555	141660625
RadixSortWithDynamicListsAndCustomBase(1000)	5555555	123769125
RadixSortWithArraysAndCustomBase(131072)	5555555	40387708
RecursiveMsdRadixSortWithArraysAndCustomBase(32)	5555555	151245166
RadixSortWithArraysAndCustomBase(2)	5555555	354629750
RadixSortWithDynamicListsAndCustomBase(32768)	5555555	125675333
RecursiveMsdRadixSortWithArraysAndCustomBase(1000000)	5555555	195562250
RadixSortWithDynamicListsAndCustomBase(10)	5555555	210236292
RecursiveMsdRadixSortWithArraysAndCustomBase(100)	5555555	138381166
RadixSortWithArraysAndCustomBase(10)	5555555	82001917
RadixSortWithDynamicListsAndCustomBase(100000)	5555555	152258083
RecursiveMsdRadixSortWithArrays	5555555	167292167
RadixSortWithDynamicListsAndCustomBase(131072)	5555555	160005791
RadixSortWithArraysAndCustomBase(512)	5555555	36339584
RadixSortWithCountingSortAndCustomBase(10)	5555555	71844875
RadixSortWithCountingSortAndCustomBase(32)	5555555	52618000
RadixSortWithArraysAndCustomBase(128)	5555555	49063167
RadixSortWithDynamicListsAndCustomBase(16)	5555555	199061042
RecursiveMsdRadixSortWithArraysAndCustomBase(2)	5555555	662661416
RadixSortWithArraysAndCustomBase(64)	5555555	46506875
RadixSortWithDynamicListsAndCustomBase(10000)	5555555	109190750
RadixSortWithDynamicLists	5555555	214301583
RadixSortWithDynamicListsAndCustomBase(100)	5555555	149910417
RadixSortWithCountingSortAndCustomBase(16384)	5555555	21880875
RadixSortWithCountingSortAndCustomBase(100)	5555555	41875167
RecursiveMsdRadixSortWithArraysAndCustomBase(1048576)	5555555	198154958
RadixSortWithCountingSortAndCustomBase(100000)	5555555	24096083
RadixSortWithArraysAndCustomBase(16384)	5555555	29657750
RadixSortWithDynamicListsAndCustomBase(1000000)	5555555	251132792
RecursiveMsdRadixSortWithArraysAndCustomBase(10000)	5555555	104317625
RecursiveMsdRadixSortWithArraysAndCustomBase(100000)	5555555	108992708
RadixSortWithArraysAndCustomBase(1000000)	5555555	81834625
RecursiveMsdRadixSortWithArraysAndCustomBase(32768)	5555555	105606625
RadixSortWithArraysAndCustomBase(128)	5555555	51015458
RecursiveMsdRadixSortWithArraysAndCustomBase(16)	5555555	188926250
RadixSortWithArraysAndCustomBase(16)	5555555	69636208
RecursiveMsdRadixSortWithArraysAndCustomBase(8192)	5555555	103923334
RadixSortWithDynamicListsAndCustomBase(1000000)	5555555	249724542
RadixSortWithCountingSortAndCustomBase(2)	5555555	339360708
RadixSortWithCountingSortAndCustomBase(131072)	5555555	24757791
RadixSortWithCountingSortAndCustomBase(262144)	5555555	26117542
RadixSortWithCountingSortAndCustomBase(524288)	5555555	26275791
RadixSortWithCountingSortAndCustomBase(8)	5555555	83750167
RadixSortWithCountingSortAndCustomBase(64)	5555555	42724375
RecursiveMsdRadixSortWithArraysAndCustomBase(4096)	5555555	103056042
RadixSortWithArrays	5555555	87562042
RadixSortWithDynamicListsAndCustomBase(2)	5555555	497897833
RecursiveMsdRadixSortWithArraysAndCustomBase(4)	5555555	361388916
RadixSortWithDynamicListsAndCustomBase(8)	5555555	228335583
RadixSortWithCountingSortAndCustomBase(16)	5555555	62114625
RecursiveMsdRadixSortWithArraysAndCustomBase(262144)	5555555	123306042
RadixSortWithArraysAndCustomBase(2048)	5555555	40895667
RadixSortWithDynamicListsAndCustomBase(10000)	5555555	108739708
RadixSortWithDynamicListsAndCustomBase(65536)	5555555	141954875
RecursiveMsdRadixSortWithArraysAndCustomBase(131072)	5555555	111534834
RadixSortWithCountingSortAndCustomBase(1024)	5555555	32314667
RadixSortWithArraysAndCustomBase(65536)	5555555	32488000
RecursiveMsdRadixSortWithArraysAndCustomBase(2)	5555555	659971417
RadixSortWithDynamicListsAndCustomBase(131072)	5555555	158615125
RecursiveMsdRadixSortWithArraysAndCustomBase(2048)	5555555	114877667
RadixSortWithDynamicListsAndCustomBase(4096)	5555555	103392958
RadixSortWithCountingSortAndCustomBase(1048576)	5555555	28826041
RadixSortWithDynamicListsAndCustomBase(8192)	5555555	104591042
RadixSortWithCountingSortAndCustomBase(100)	5555555	41988417
RecursiveMsdRadixSortWithArraysAndCustomBase(32)	5555555	151869084
RecursiveMsdRadixSortWithArrays	5555555	167355917
RadixSortWithCountingSortAndCustomBase(8192)	5555555	21767250
RecursiveMsdRadixSortWithArraysAndCustomBase(8)	5555555	243342583
RadixSortWithDynamicListsAndCustomBase(256)	5555555	124285292
RadixSortWithDynamicListsAndCustomBase(4)	5555555	303698584
RecursiveMsdRadixSortWithArraysAndCustomBase(1048576)	5555555	197578541
RadixSortWithArraysAndCustomBase(4)	5555555	144256375
RecursiveMsdRadixSortWithArraysAndCustomBase(1000000)	5555555	196287334
RadixSortWithArraysAndCustomBase(256)	5555555	35858833
RecursiveMsdRadixSortWithArraysAndCustomBase(64)	5555555	138930292
RadixSortWithCountingSortAndCustomBase(32)	5555555	52057625
RadixSortWithArraysAndCustomBase(8192)	5555555	28300583
RadixSortWithArraysAndCustomBase(4096)	5555555	28263042
RadixSortWithCountingSortAndCustomBase(256)	5555555	31866792
RadixSortWithArraysAndCustomBase(8)	5555555	94308291
RecursiveMsdRadixSortWithArraysAndCustomBase(128)	5555555	138225875
RadixSortWithCountingSortAndCustomBase(10000)	5555555	22746708
RecursiveMsdRadixSortWithArraysAndCustomBase(524288)	5555555	157857000
RecursiveMsdRadixSortWithArraysAndCustomBase(16384)	5555555	104101834
RadixSortWithArraysAndCustomBase(1024)	5555555	37524834
RadixSortWithDynamicListsAndCustomBase(16384)	5555555	110689083
RadixSortWithCountingSortAndCustomBase(10)	5555555	72084000
RadixSortWithCountingSortAndCustomBase(128)	5555555	44192500
RadixSortWithDynamicListsAndCustomBase(128)	5555555	143176000
RecursiveMsdRadixSortWithArraysAndCustomBase(10)	5555555	203117833
RecursiveMsdRadixSortWithArraysAndCustomBase(1000)	5555555	109303417
RadixSortWithDynamicListsAndCustomBase(10)	5555555	219053583
RadixSortWithArraysAndCustomBase(131072)	5555555	40980916
RadixSortWithArraysAndCustomBase(512)	5555555	36364791
RecursiveMsdRadixSortWithArraysAndCustomBase(512)	5555555	107476959
RadixSortWithDynamicListsAndCustomBase(1024)	5555555	124079458
RadixSortWithCountingSortAndCustomBase(32768)	5555555	23111917
RecursiveMsdRadixSortWithArraysAndCustomBase(1024)	5555555	108428458
RadixSortWithDynamicListsAndCustomBase(100000)	5555555	153707333
RadixSortWithArraysAndCustomBase(10000)	5555555	28579625
RadixSortWithCountingSortAndCustomBase(100000)	5555555	23168333
RecursiveMsdRadixSortWithArraysAndCustomBase(65536)	5555555	107187958
RadixSortWithArraysAndCustomBase(100)	5555555	46940625
RadixSortWithArraysAndCustomBase(32768)	5555555	30833166
RadixSortWithCountingSortAndCustomBase(65536)	5555555	22757958
RadixSortWithCountingSortAndCustomBase(4096)	5555555	22660750
RecursiveMsdRadixSortWithArraysAndCustomBase(256)	5555555	108598083
RadixSortWithArraysAndCustomBase(10)	5555555	82063583
RadixSortWithArraysAndCustomBase(524288)	5555555	64023500
RadixSortWithDynamicListsAndCustomBase(16)	5555555	193376292
RadixSortWithDynamicListsAndCustomBase(32)	5555555	187710875
RadixSortWithArraysAndCustomBase(262144)	5555555	52235583
RadixSortWithArraysAndCustomBase(16384)	5555555	29525125
RadixSortWithCountingSortAndCustomBase(4)	5555555	125669250
RadixSortWithDynamicListsAndCustomBase(262144)	5555555	189775125
RadixSortWithDynamicListsAndCustomBase(1000)	5555555	123783167
RadixSortWithArraysAndCustomBase(1048576)	5555555	83129875
RadixSortWithCountingSortAndCustomBase(1000)	5555555	32978834
RadixSortWithCountingSortAndCustomBase(2048)	5555555	35275750
RadixSortWithArraysAndCustomBase(64)	5555555	46681166
RadixSortWithArraysAndCustomBase(2)	5555555	355831125
RadixSortWithDynamicLists	5555555	223949500
RadixSortWithCountingSortAndCustomBase(16384)	5555555	22052166
RadixSortWithDynamicListsAndCustomBase(64)	5555555	160997917
RadixSortWithDynamicListsAndCustomBase(32768)	5555555	125939709
RadixSortWithCountingSortAndCustomBase(512)	5555555	31621042
RecursiveMsdRadixSortWithArraysAndCustomBase(100)	5555555	138771833
RadixSortWithArraysAndCustomBase(32)	5555555	58124167
RadixSortWithDynamicListsAndCustomBase(512)	5555555	125608958
RadixSortWithCountingSort	5555555	72179750
RadixSortWithDynamicListsAndCustomBase(524288)	5555555	211187708
RadixSortWithDynamicListsAndCustomBase(100)	5555555	149957291
RadixSortWithArraysAndCustomBase(1000)	5555555	37691542
RadixSortWithArraysAndCustomBase(100000)	5555555	36910875
RadixSortWithDynamicListsAndCustomBase(2048)	5555555	123765083
RadixSortWithDynamicListsAndCustomBase(1048576)	5555555	251997750
RadixSortWithCountingSortAndCustomBase(1000000)	5555555	28721042
RadixSortWithDynamicListsAndCustomBase(131072)	5555555	158751958
RadixSortWithDynamicListsAndCustomBase(256)	5555555	122799666
RadixSortWithDynamicListsAndCustomBase(8192)	5555555	105152167
RadixSortWithArraysAndCustomBase(100)	5555555	46939667
RecursiveMsdRadixSortWithArraysAndCustomBase(32)	5555555	151101083
RadixSortWithCountingSortAndCustomBase(1048576)	5555555	28648709
RadixSortWithCountingSortAndCustomBase(1024)	5555555	32915167
RadixSortWithArraysAndCustomBase(1048576)	5555555	82848292
RadixSortWithArraysAndCustomBase(10)	5555555	81962042
RecursiveMsdRadixSortWithArraysAndCustomBase(1024)	5555555	108402417
RecursiveMsdRadixSortWithArraysAndCustomBase(2)	5555555	659921125
RadixSortWithArraysAndCustomBase(8192)	5555555	28739000
RecursiveMsdRadixSortWithArraysAndCustomBase(128)	5555555	138419375
RadixSortWithDynamicListsAndCustomBase(1000)	5555555	123420542
RecursiveMsdRadixSortWithArraysAndCustomBase(2048)	5555555	114952750
RadixSortWithDynamicListsAndCustomBase(524288)	5555555	210977708
RadixSortWithDynamicListsAndCustomBase(32)	5555555	184829291
RadixSortWithCountingSortAndCustomBase(10)	5555555	72009792
RecursiveMsdRadixSortWithArraysAndCustomBase(32768)	5555555	105747250
RadixSortWithDynamicListsAndCustomBase(1000000)	5555555	245902958
RadixSortWithCountingSort	5555555	73335500
RecursiveMsdRadixSortWithArraysAndCustomBase(8)	5555555	241339292
RadixSortWithArraysAndCustomBase(2048)	5555555	41526584
RadixSortWithDynamicListsAndCustomBase(2)	5555555	489838334
RecursiveMsdRadixSortWithArraysAndCustomBase(4)	5555555	369432292
RecursiveMsdRadixSortWithArraysAndCustomBase(131072)	5555555	111264834
RadixSortWithCountingSortAndCustomBase(1000)	5555555	31780042
RadixSortWithArraysAndCustomBase(64)	5555555	46870084
RadixSortWithCountingSortAndCustomBase(262144)	5555555	25066666
RecursiveMsdRadixSortWithArraysAndCustomBase(16384)	5555555	104549833
RecursiveMsdRadixSortWithArraysAndCustomBase(1000000)	5555555	194711791
RadixSortWithCountingSortAndCustomBase(8192)	5555555	21648209
RadixSortWithDynamicListsAndCustomBase(10000)	5555555	108865084
RadixSortWithCountingSortAndCustomBase(4096)	5555555	21905666
RadixSortWithCountingSortAndCustomBase(64)	5555555	41909666
RadixSortWithDynamicListsAndCustomBase(16)	5555555	195225125
RadixSortWithCountingSortAndCustomBase(8)	5555555	84159042
RadixSortWithCountingSortAndCustomBase(4)	5555555	125779833
RadixSortWithCountingSortAndCustomBase(128)	5555555	44157500
RecursiveMsdRadixSortWithArrays	5555555	167499875
RadixSortWithArraysAndCustomBase(1000)	5555555	37901541
RadixSortWithDynamicListsAndCustomBase(8)	5555555	233200709
RadixSortWithArraysAndCustomBase(4096)	5555555	28003916
RadixSortWithArrays	5555555	87688250
RecursiveMsdRadixSortWithArraysAndCustomBase(10000)	5555555	103798250
RadixSortWithCountingSortAndCustomBase(16)	5555555	61995959
RecursiveMsdRadixSortWithArraysAndCustomBase(100)	5555555	138558708
RadixSortWithDynamicListsAndCustomBase(128)	5555555	143301625
RadixSortWithDynamicListsAndCustomBase(64)	5555555	162611208
RecursiveMsdRadixSortWithArraysAndCustomBase(10)	5555555	203342833
RecursiveMsdRadixSortWithArraysAndCustomBase(64)	5555555	139371250
RadixSortWithCountingSortAndCustomBase(131072)	5555555	23901875
RadixSortWithDynamicListsAndCustomBase(1048576)	5555555	254329625
RadixSortWithCountingSortAndCustomBase(100000)	5555555	24021084
RadixSortWithCountingSortAndCustomBase(2048)	5555555	34374333
RadixSortWithArraysAndCustomBase(128)	5555555	49803333
RadixSortWithDynamicListsAndCustomBase(512)	5555555	125897375
RadixSortWithArraysAndCustomBase(256)	5555555	36101417
RadixSortWithCountingSortAndCustomBase(2)	5555555	339072459
RadixSortWithArraysAndCustomBase(65536)	5555555	32228750
RadixSortWithDynamicLists	5555555	222780375
RadixSortWithDynamicListsAndCustomBase(16384)	5555555	111313417
RadixSortWithDynamicListsAndCustomBase(100)	5555555	149628959
RadixSortWithCountingSortAndCustomBase(1000000)	5555555	28652750
RecursiveMsdRadixSortWithArraysAndCustomBase(1000)	5555555	109107625
RadixSortWithArraysAndCustomBase(2)	5555555	355260458
RadixSortWithArraysAndCustomBase(1000000)	5555555	81570166
RadixSortWithArraysAndCustomBase(524288)	5555555	63357958
RecursiveMsdRadixSortWithArraysAndCustomBase(512)	5555555	107512958
RadixSortWithArraysAndCustomBase(512)	5555555	36274500
RadixSortWithDynamicListsAndCustomBase(262144)	5555555	188899625
RadixSortWithArraysAndCustomBase(4)	5555555	144081834
RadixSortWithCountingSortAndCustomBase(512)	5555555	32657334
RecursiveMsdRadixSortWithArraysAndCustomBase(100000)	5555555	109028500
RecursiveMsdRadixSortWithArraysAndCustomBase(16)	5555555	189822041
RecursiveMsdRadixSortWithArraysAndCustomBase(256)	5555555	107176625
RecursiveMsdRadixSortWithArraysAndCustomBase(524288)	5555555	161007500
RadixSortWithCountingSortAndCustomBase(65536)	5555555	24010084
RadixSortWithDynamicListsAndCustomBase(32768)	5555555	132469250
RadixSortWithArraysAndCustomBase(1024)	5555555	38266833
RecursiveMsdRadixSortWithArraysAndCustomBase(1048576)	5555555	198556750
RadixSortWithArraysAndCustomBase(16)	5555555	69639458
RecursiveMsdRadixSortWithArraysAndCustomBase(8192)	5555555	103929875
RadixSortWithArraysAndCustomBase(262144)	5555555	52251583
RadixSortWithCountingSortAndCustomBase(10000)	5555555	21793042
RadixSortWithDynamicListsAndCustomBase(4096)	5555555	103185667
RadixSortWithCountingSortAndCustomBase(524288)	5555555	26483084
RadixSortWithDynamicListsAndCustomBase(65536)	5555555	141375708
RadixSortWithDynamicListsAndCustomBase(2048)	5555555	123663958
RecursiveMsdRadixSortWithArraysAndCustomBase(4096)	5555555	103684625
RadixSortWithCountingSortAndCustomBase(32)	5555555	54370750
RadixSortWithDynamicListsAndCustomBase(100000)	5555555	159044041
RecursiveMsdRadixSortWithArraysAndCustomBase(65536)	5555555	107999125
RecursiveMsdRadixSortWithArraysAndCustomBase(262144)	5555555	124316292
RadixSortWithCountingSortAndCustomBase(16384)	5555555	21864292
RadixSortWithDynamicListsAndCustomBase(10)	5555555	216984042
RadixSortWithArraysAndCustomBase(10000)	5555555	28804459
RadixSortWithArraysAndCustomBase(32768)	5555555	30716791
RadixSortWithDynamicListsAndCustomBase(4)	5555555	303488417
RadixSortWithCountingSortAndCustomBase(256)	5555555	32702875
RadixSortWithDynamicListsAndCustomBase(1024)	5555555	123175542
RadixSortWithArraysAndCustomBase(100000)	5555555	39527042
RadixSortWithArraysAndCustomBase(32)	5555555	58419125
RadixSortWithCountingSortAndCustomBase(100)	5555555	42117791
RadixSortWithArraysAndCustomBase(8)	5555555	94219250
RadixSortWithArraysAndCustomBase(131072)	5555555	40726458
RadixSortWithArraysAndCustomBase(16384)	5555555	29709500
RadixSortWithCountingSortAndCustomBase(32768)	5555555	22236875
RecursiveMsdRadixSortWithArraysAndCustomBase(1048576)	5555555	200658875
RadixSortWithCountingSortAndCustomBase(10)	5555555	72178000
RecursiveMsdRadixSortWithArraysAndCustomBase(262144)	5555555	123216625
RadixSortWithCountingSortAndCustomBase(100000)	5555555	23151041
RecursiveMsdRadixSortWithArraysAndCustomBase(100000)	5555555	109053625
RadixSortWithCountingSortAndCustomBase(2)	5555555	339433708
RadixSortWithCountingSortAndCustomBase(16384)	5555555	22897042
RadixSortWithArraysAndCustomBase(16384)	5555555	29799625
RadixSortWithArraysAndCustomBase(1048576)	5555555	83243833
RadixSortWithArraysAndCustomBase(65536)	5555555	32088375
RadixSortWithCountingSortAndCustomBase(16)	5555555	61942708
RadixSortWithCountingSortAndCustomBase(8192)	5555555	22543125
RecursiveMsdRadixSortWithArraysAndCustomBase(128)	5555555	138775792
RecursiveMsdRadixSortWithArraysAndCustomBase(32)	5555555	152167708
RadixSortWithCountingSortAndCustomBase(512)	5555555	31770834
RadixSortWithArraysAndCustomBase(128)	5555555	49086250
RadixSortWithDynamicListsAndCustomBase(16)	5555555	190348750
RecursiveMsdRadixSortWithArraysAndCustomBase(100)	5555555	138736000
RadixSortWithArraysAndCustomBase(10)	5555555	82090167
RadixSortWithDynamicListsAndCustomBase(1048576)	5555555	259443958
RadixSortWithDynamicListsAndCustomBase(64)	5555555	161036583
RadixSortWithArraysAndCustomBase(100000)	5555555	36835208
RadixSortWithArraysAndCustomBase(4096)	5555555	28003292
RecursiveMsdRadixSortWithArraysAndCustomBase(1024)	5555555	108481666
RadixSortWithDynamicListsAndCustomBase(524288)	5555555	211707625
RadixSortWithCountingSortAndCustomBase(4096)	5555555	21753833
RecursiveMsdRadixSortWithArraysAndCustomBase(32768)	5555555	105419083
RecursiveMsdRadixSortWithArraysAndCustomBase(131072)	5555555	111062542
RadixSortWithArraysAndCustomBase(1000)	5555555	37890542
RadixSortWithCountingSortAndCustomBase(1000)	5555555	31876292
RecursiveMsdRadixSortWithArraysAndCustomBase(16)	5555555	189363000
RadixSortWithArraysAndCustomBase(100)	5555555	46746792
RecursiveMsdRadixSortWithArrays	5555555	167780083
RadixSortWithCountingSortAndCustomBase(524288)	5555555	26820625
RadixSortWithArraysAndCustomBase(32)	5555555	58642833
RadixSortWithArraysAndCustomBase(4)	5555555	145509875
RadixSortWithArraysAndCustomBase(512)	5555555	36251500
RadixSortWithArrays	5555555	87662833
RecursiveMsdRadixSortWithArraysAndCustomBase(10000)	5555555	103898750
RadixSortWithArraysAndCustomBase(8)	5555555	94354792
RecursiveMsdRadixSortWithArraysAndCustomBase(64)	5555555	139104583
RadixSortWithCountingSortAndCustomBase(32768)	5555555	22266625
RadixSortWithDynamicListsAndCustomBase(512)	5555555	124714875
RadixSortWithDynamicListsAndCustomBase(16384)	5555555	111339958
RadixSortWithDynamicListsAndCustomBase(100000)	5555555	153929458
RadixSortWithDynamicListsAndCustomBase(32768)	5555555	126185375
RadixSortWithCountingSortAndCustomBase(32)	5555555	51968292
RadixSortWithArraysAndCustomBase(1024)	5555555	37881625
RadixSortWithDynamicListsAndCustomBase(262144)	5555555	188638250
RadixSortWithDynamicListsAndCustomBase(1024)	5555555	124293875
RecursiveMsdRadixSortWithArraysAndCustomBase(1000)	5555555	108883125
RadixSortWithCountingSortAndCustomBase(4)	5555555	125857291
RadixSortWithDynamicListsAndCustomBase(4096)	5555555	103034417
RadixSortWithDynamicListsAndCustomBase(8)	5555555	228942458
RecursiveMsdRadixSortWithArraysAndCustomBase(256)	5555555	107562375
RadixSortWithArraysAndCustomBase(8192)	5555555	28229125
RadixSortWithCountingSortAndCustomBase(1024)	5555555	32009125
RadixSortWithCountingSortAndCustomBase(10000)	5555555	22753083
RadixSortWithArraysAndCustomBase(16)	5555555	69661583
RadixSortWithArraysAndCustomBase(131072)	5555555	40948000
RadixSortWithDynamicListsAndCustomBase(1000)	5555555	123873125
RadixSortWithArraysAndCustomBase(10000)	5555555	29157042
RecursiveMsdRadixSortWithArraysAndCustomBase(2048)	5555555	115245375
RadixSortWithDynamicListsAndCustomBase(65536)	5555555	141550833
RadixSortWithCountingSortAndCustomBase(128)	5555555	43434958
RecursiveMsdRadixSortWithArraysAndCustomBase(65536)	5555555	106953292
RecursiveMsdRadixSortWithArraysAndCustomBase(4096)	5555555	103258667
RecursiveMsdRadixSortWithArraysAndCustomBase(512)	5555555	106978917
RadixSortWithCountingSortAndCustomBase(65536)	5555555	23415875
RadixSortWithArraysAndCustomBase(2048)	5555555	40877792
RadixSortWithCountingSortAndCustomBase(100)	5555555	41794917
RadixSortWithArraysAndCustomBase(256)	5555555	36019625
RadixSortWithArraysAndCustomBase(1000000)	5555555	82164166
RadixSortWithDynamicLists	5555555	219442708
RecursiveMsdRadixSortWithArraysAndCustomBase(2)	5555555	673783542
RecursiveMsdRadixSortWithArraysAndCustomBase(10)	5555555	203370583
RadixSortWithArraysAndCustomBase(262144)	5555555	52369584
RadixSortWithDynamicListsAndCustomBase(131072)	5555555	159222334
RecursiveMsdRadixSortWithArraysAndCustomBase(4)	5555555	357317833
RadixSortWithCountingSortAndCustomBase(262144)	5555555	25807542
RadixSortWithDynamicListsAndCustomBase(1000000)	5555555	246710292
RadixSortWithDynamicListsAndCustomBase(8192)	5555555	104261500
RecursiveMsdRadixSortWithArraysAndCustomBase(1000000)	5555555	195224209
RadixSortWithDynamicListsAndCustomBase(128)	5555555	141923333
RadixSortWithCountingSortAndCustomBase(1000000)	5555555	30170292
RadixSortWithCountingSortAndCustomBase(256)	5555555	32354708
RadixSortWithArraysAndCustomBase(32768)	5555555	30323417
RadixSortWithDynamicListsAndCustomBase(2)	5555555	489726166
RecursiveMsdRadixSortWithArraysAndCustomBase(524288)	5555555	159002583
RadixSortWithCountingSortAndCustomBase(64)	5555555	41959750
RadixSortWithDynamicListsAndCustomBase(32)	5555555	190570709
RadixSortWithArraysAndCustomBase(524288)	5555555	64153208
RadixSortWithDynamicListsAndCustomBase(100)	5555555	150805042
RadixSortWithCountingSort	5555555	72409167
RadixSortWithCountingSortAndCustomBase(131072)	5555555	24812375
RadixSortWithDynamicListsAndCustomBase(4)	5555555	304025125
RadixSortWithCountingSortAndCustomBase(8)	5555555	85025625
RadixSortWithDynamicListsAndCustomBase(10)	5555555	216157500
RecursiveMsdRadixSortWithArraysAndCustomBase(8)	5555555	241409000
RadixSortWithDynamicListsAndCustomBase(10000)	5555555	109084500
RadixSortWithArraysAndCustomBase(64)	5555555	46688583
RecursiveMsdRadixSortWithArraysAndCustomBase(16384)	5555555	104487041
RadixSortWithCountingSortAndCustomBase(1048576)	5555555	28380167
RadixSortWithArraysAndCustomBase(2)	5555555	355938750
RecursiveMsdRadixSortWithArraysAndCustomBase(8192)	5555555	104294792
RadixSortWithDynamicListsAndCustomBase(2048)	5555555	123671292
RadixSortWithDynamicListsAndCustomBase(256)	5555555	123322792
RadixSortWithCountingSortAndCustomBase(2048)	5555555	34413250
RecursiveMsdRadixSortWithArraysAndCustomBase(16384)	5555555	104446084
RadixSortWithCountingSortAndCustomBase(8192)	5555555	21747083
RecursiveMsdRadixSortWithArraysAndCustomBase(10000)	5555555	103880833
RadixSortWithArraysAndCustomBase(512)	5555555	36491500
RadixSortWithCountingSortAndCustomBase(512)	5555555	31898709
RadixSortWithArraysAndCustomBase(2)	5555555	356206291
RadixSortWithArraysAndCustomBase(524288)	5555555	63393500
RadixSortWithCountingSortAndCustomBase(65536)	5555555	22878042
RecursiveMsdRadixSortWithArraysAndCustomBase(524288)	5555555	161904042
RadixSortWithDynamicListsAndCustomBase(16)	5555555	194837958
RadixSortWithDynamicListsAndCustomBase(128)	5555555	142342333
RadixSortWithDynamicListsAndCustomBase(64)	5555555	163047583
RadixSortWithArraysAndCustomBase(32)	5555555	58067500
RadixSortWithArraysAndCustomBase(1000)	5555555	38103750
RadixSortWithDynamicListsAndCustomBase(1000)	5555555	123655959
RadixSortWithCountingSortAndCustomBase(16)	5555555	61926250
RadixSortWithDynamicListsAndCustomBase(512)	5555555	125450000
RecursiveMsdRadixSortWithArraysAndCustomBase(8192)	5555555	104023583
RadixSortWithArraysAndCustomBase(32768)	5555555	30613250
RadixSortWithArraysAndCustomBase(100000)	5555555	37179542
RadixSortWithCountingSortAndCustomBase(262144)	5555555	25223250
RadixSortWithCountingSortAndCustomBase(524288)	5555555	27588875
RadixSortWithArraysAndCustomBase(131072)	5555555	40499375
RadixSortWithDynamicListsAndCustomBase(1048576)	5555555	253046125
RadixSortWithDynamicLists	5555555	210740917
RadixSortWithDynamicListsAndCustomBase(100)	5555555	149806792
RadixSortWithCountingSortAndCustomBase(1024)	5555555	32102875
RecursiveMsdRadixSortWithArraysAndCustomBase(512)	5555555	107130833
RadixSortWithCountingSortAndCustomBase(4)	5555555	125873541
RadixSortWithCountingSortAndCustomBase(1000000)	5555555	27669542
RadixSortWithDynamicListsAndCustomBase(100000)	5555555	153491500
RadixSortWithArrays	5555555	87886625
RadixSortWithDynamicListsAndCustomBase(4)	5555555	303445584
RadixSortWithDynamicListsAndCustomBase(8)	5555555	227801000
RecursiveMsdRadixSortWithArraysAndCustomBase(131072)	5555555	111542209
RadixSortWithArraysAndCustomBase(4096)	5555555	28185875
RadixSortWithDynamicListsAndCustomBase(16384)	5555555	111038542
RecursiveMsdRadixSortWithArraysAndCustomBase(2)	5555555	662638458
RadixSortWithArraysAndCustomBase(8)	5555555	95134833
RadixSortWithCountingSortAndCustomBase(2048)	5555555	34383917
RadixSortWithDynamicListsAndCustomBase(10000)	5555555	109076375
RecursiveMsdRadixSortWithArraysAndCustomBase(64)	5555555	139305250
RadixSortWithDynamicListsAndCustomBase(65536)	5555555	142054375
RadixSortWithArraysAndCustomBase(1000000)	5555555	82159000
RadixSortWithArraysAndCustomBase(1024)	5555555	37637667
RecursiveMsdRadixSortWithArraysAndCustomBase(4)	5555555	358660500
RadixSortWithCountingSortAndCustomBase(4096)	5555555	22668750
RadixSortWithCountingSortAndCustomBase(10)	5555555	71910291
RadixSortWithDynamicListsAndCustomBase(4096)	5555555	103078250
RadixSortWithArraysAndCustomBase(10)	5555555	82219042
RadixSortWithDynamicListsAndCustomBase(131072)	5555555	159928542
RecursiveMsdRadixSortWithArraysAndCustomBase(4096)	5555555	103780708
RadixSortWithCountingSortAndCustomBase(1048576)	5555555	28823542
RadixSortWithArraysAndCustomBase(100)	5555555	46962917
RadixSortWithDynamicListsAndCustomBase(8192)	5555555	104979833
RadixSortWithCountingSort	5555555	72483666
RadixSortWithDynamicListsAndCustomBase(2)	5555555	488065084
RecursiveMsdRadixSortWithArraysAndCustomBase(1024)	5555555	108987083
RadixSortWithDynamicListsAndCustomBase(10)	5555555	208432250
RadixSortWithArraysAndCustomBase(64)	5555555	47203084
RadixSortWithArraysAndCustomBase(2048)	5555555	40912833
RadixSortWithDynamicListsAndCustomBase(256)	5555555	123494792
RecursiveMsdRadixSortWithArraysAndCustomBase(256)	5555555	107134125
RadixSortWithArraysAndCustomBase(10000)	5555555	28526792
RadixSortWithDynamicListsAndCustomBase(1024)	5555555	122780750
RadixSortWithDynamicListsAndCustomBase(1000000)	5555555	247544417
RecursiveMsdRadixSortWithArraysAndCustomBase(8)	5555555	240904125
RadixSortWithDynamicListsAndCustomBase(524288)	5555555	210515917
RadixSortWithDynamicListsAndCustomBase(2048)	5555555	123491833
RecursiveMsdRadixSortWithArraysAndCustomBase(32)	5555555	151468125
RecursiveMsdRadixSortWithArraysAndCustomBase(2048)	5555555	114978167
RadixSortWithArraysAndCustomBase(16384)	5555555	29665875
RadixSortWithArraysAndCustomBase(1048576)	5555555	83336292
RecursiveMsdRadixSortWithArraysAndCustomBase(32768)	5555555	105689584
RadixSortWithArraysAndCustomBase(128)	5555555	49703583
RecursiveMsdRadixSortWithArraysAndCustomBase(1000)	5555555	108635333
RadixSortWithCountingSortAndCustomBase(131072)	5555555	23798333
RadixSortWithCountingSortAndCustomBase(64)	5555555	41967042
RadixSortWithDynamicListsAndCustomBase(32768)	5555555	125144084
RadixSortWithDynamicListsAndCustomBase(32)	5555555	186078583
RadixSortWithCountingSortAndCustomBase(16384)	5555555	22741958
RadixSortWithCountingSortAndCustomBase(2)	5555555	339467917
RadixSortWithCountingSortAndCustomBase(32768)	5555555	23094417
RadixSortWithArraysAndCustomBase(8192)	5555555	28455375
RadixSortWithArraysAndCustomBase(256)	5555555	35991917
RadixSortWithCountingSortAndCustomBase(100)	5555555	41851834
RadixSortWithCountingSortAndCustomBase(256)	5555555	32641000
RecursiveMsdRadixSortWithArraysAndCustomBase(100000)	5555555	108758583
RadixSortWithArraysAndCustomBase(4)	5555555	143841167
RecursiveMsdRadixSortWithArraysAndCustomBase(1000000)	5555555	195397250
RadixSortWithCountingSortAndCustomBase(1000)	5555555	31962417
RadixSortWithDynamicListsAndCustomBase(262144)	5555555	187871083
RecursiveMsdRadixSortWithArraysAndCustomBase(65536)	5555555	106846583
RadixSortWithCountingSortAndCustomBase(8)	5555555	83625250
RecursiveMsdRadixSortWithArrays	5555555	167151750
RecursiveMsdRadixSortWithArraysAndCustomBase(100)	5555555	138271500
RadixSortWithArraysAndCustomBase(65536)	5555555	32727500
RadixSortWithCountingSortAndCustomBase(10000)	5555555	21795208
RadixSortWithCountingSortAndCustomBase(128)	5555555	43235541
RecursiveMsdRadixSortWithArraysAndCustomBase(1048576)	5555555	198107667
RecursiveMsdRadixSortWithArraysAndCustomBase(262144)	5555555	122921541
RecursiveMsdRadixSortWithArraysAndCustomBase(16)	5555555	188480750
RecursiveMsdRadixSortWithArraysAndCustomBase(10)	5555555	202325709
RecursiveMsdRadixSortWithArraysAndCustomBase(128)	5555555	138292750
RadixSortWithArraysAndCustomBase(16)	5555555	70040417
RadixSortWithArraysAndCustomBase(262144)	5555555	52068708
RadixSortWithCountingSortAndCustomBase(100000)	5555555	23294500
RadixSortWithCountingSortAndCustomBase(32)	5555555	51842875
RadixSortWithCountingSortAndCustomBase(524288)	5555555	28134750
RadixSortWithCountingSortAndCustomBase(16384)	5555555	23091750
RecursiveMsdRadixSortWithArraysAndCustomBase(32)	5555555	150622333
RecursiveMsdRadixSortWithArraysAndCustomBase(2)	5555555	657731000
RecursiveMsdRadixSortWithArraysAndCustomBase(1048576)	5555555	200186458
RadixSortWithDynamicLists	5555555	219941667
RadixSortWithArraysAndCustomBase(128)	5555555	48699667
RecursiveMsdRadixSortWithArraysAndCustomBase(65536)	5555555	106863583
RadixSortWithCountingSortAndCustomBase(10000)	5555555	21795250
RadixSortWithCountingSortAndCustomBase(4096)	5555555	22700500
RadixSortWithArraysAndCustomBase(256)	5555555	35987375
RecursiveMsdRadixSortWithArraysAndCustomBase(262144)	5555555	124056500
RadixSortWithCountingSortAndCustomBase(1000)	5555555	31717875
RadixSortWithCountingSortAndCustomBase(4)	5555555	125754667
RadixSortWithArraysAndCustomBase(16)	5555555	69543250
RadixSortWithCountingSortAndCustomBase(64)	5555555	41428958
RadixSortWithCountingSortAndCustomBase(1048576)	5555555	29922875
RadixSortWithDynamicListsAndCustomBase(128)	5555555	142917459
RadixSortWithArraysAndCustomBase(65536)	5555555	32374750
RadixSortWithArraysAndCustomBase(4096)	5555555	27715584
RadixSortWithArraysAndCustomBase(10000)	5555555	28493208
RadixSortWithDynamicListsAndCustomBase(131072)	5555555	158757125
RadixSortWithDynamicListsAndCustomBase(8)	5555555	229117083
RadixSortWithArraysAndCustomBase(1000000)	5555555	81684084
RecursiveMsdRadixSortWithArraysAndCustomBase(1000000)	5555555	193207958
RecursiveMsdRadixSortWithArraysAndCustomBase(16)	5555555	188327500
RadixSortWithCountingSortAndCustomBase(2048)	5555555	34438125
RadixSortWithCountingSortAndCustomBase(128)	5555555	43950500
RecursiveMsdRadixSortWithArraysAndCustomBase(128)	5555555	137733917
RecursiveMsdRadixSortWithArrays	5555555	166766167
RadixSortWithDynamicListsAndCustomBase(1048576)	5555555	257958166
RadixSortWithCountingSortAndCustomBase(8192)	5555555	22552791
RadixSortWithArraysAndCustomBase(32768)	5555555	31870750
RadixSortWithArraysAndCustomBase(1024)	5555555	39326542
RecursiveMsdRadixSortWithArraysAndCustomBase(524288)	5555555	170882750
RadixSortWithDynamicListsAndCustomBase(262144)	5555555	189310917
RadixSortWithArraysAndCustomBase(10)	5555555	81923375
RecursiveMsdRadixSortWithArraysAndCustomBase(131072)	5555555	110893000
RadixSortWithCountingSortAndCustomBase(2)	5555555	339391958
RadixSortWithCountingSortAndCustomBase(262144)	5555555	26156584
RadixSortWithDynamicListsAndCustomBase(10)	5555555	216071959
RadixSortWithCountingSortAndCustomBase(65536)	5555555	25196667
RadixSortWithDynamicListsAndCustomBase(32768)	5555555	132397541
RadixSortWithDynamicListsAndCustomBase(100)	5555555	153577791
RadixSortWithArraysAndCustomBase(8)	5555555	94619083
RecursiveMsdRadixSortWithArraysAndCustomBase(10)	5555555	204675167
RecursiveMsdRadixSortWithArraysAndCustomBase(256)	5555555	106443333
RadixSortWithCountingSortAndCustomBase(10)	5555555	73877083
RecursiveMsdRadixSortWithArraysAndCustomBase(16384)	5555555	103595500
RadixSortWithDynamicListsAndCustomBase(4096)	5555555	103563083
RecursiveMsdRadixSortWithArraysAndCustomBase(32768)	5555555	106514875
RadixSortWithDynamicListsAndCustomBase(524288)	5555555	218779292
RadixSortWithDynamicListsAndCustomBase(1000000)	5555555	250831833
RecursiveMsdRadixSortWithArraysAndCustomBase(8)	5555555	242782584
RadixSortWithCountingSortAndCustomBase(100000)	5555555	23767000
RadixSortWithArraysAndCustomBase(64)	5555555	48173625
RadixSortWithDynamicListsAndCustomBase(1024)	5555555	125059833
RadixSortWithDynamicListsAndCustomBase(32)	5555555	193577041
RecursiveMsdRadixSortWithArraysAndCustomBase(10000)	5555555	104929833
RadixSortWithArraysAndCustomBase(2048)	5555555	41828167
RecursiveMsdRadixSortWithArraysAndCustomBase(512)	5555555	108645833
RadixSortWithCountingSortAndCustomBase(32768)	5555555	22620500
RadixSortWithDynamicListsAndCustomBase(4)	5555555	306771167
RadixSortWithDynamicListsAndCustomBase(2048)	5555555	125230166
RecursiveMsdRadixSortWithArraysAndCustomBase(100)	5555555	141079083
RadixSortWithDynamicListsAndCustomBase(1000)	5555555	125575333
RadixSortWithCountingSortAndCustomBase(131072)	5555555	25183416
RecursiveMsdRadixSortWithArraysAndCustomBase(64)	5555555	141513041
RadixSortWithDynamicListsAndCustomBase(10000)	5555555	111409500
RadixSortWithArraysAndCustomBase(4)	5555555	146722667
RadixSortWithCountingSort	5555555	74158625
RecursiveMsdRadixSortWithArraysAndCustomBase(1024)	5555555	110150542
RecursiveMsdRadixSortWithArraysAndCustomBase(1000)	5555555	109921375
RadixSortWithArraysAndCustomBase(512)	5555555	37076959
RadixSortWithArraysAndCustomBase(524288)	5555555	66661667
RecursiveMsdRadixSortWithArraysAndCustomBase(4096)	5555555	103814584
RadixSortWithArraysAndCustomBase(1048576)	5555555	86499542
RadixSortWithArraysAndCustomBase(2)	5555555	358346000
RadixSortWithCountingSortAndCustomBase(512)	5555555	32328583
RadixSortWithDynamicListsAndCustomBase(100000)	5555555	155890375
RadixSortWithDynamicListsAndCustomBase(2)	5555555	489446250
RadixSortWithCountingSortAndCustomBase(1024)	5555555	32543667
RadixSortWithArraysAndCustomBase(100)	5555555	46782167
RadixSortWithDynamicListsAndCustomBase(16)	5555555	201169292
RadixSortWithCountingSortAndCustomBase(256)	5555555	31597875
RadixSortWithDynamicListsAndCustomBase(256)	5555555	123451250
RadixSortWithDynamicListsAndCustomBase(16384)	5555555	111776375
RadixSortWithArraysAndCustomBase(262144)	5555555	51379292
RadixSortWithDynamicListsAndCustomBase(8192)	5555555	104916000
RadixSortWithArraysAndCustomBase(1000)	5555555	37536542
RadixSortWithCountingSortAndCustomBase(8)	5555555	83170875
RadixSortWithDynamicListsAndCustomBase(512)	5555555	125698833
RadixSortWithCountingSortAndCustomBase(1000000)	5555555	28517833
RecursiveMsdRadixSortWithArraysAndCustomBase(100000)	5555555	108123792
RadixSortWithArrays	5555555	87363375
RadixSortWithArraysAndCustomBase(8192)	5555555	28284333
RecursiveMsdRadixSortWithArraysAndCustomBase(4)	5555555	352783916
RadixSortWithArraysAndCustomBase(16384)	5555555	29348041
RadixSortWithDynamicListsAndCustomBase(65536)	5555555	141343875
RadixSortWithArraysAndCustomBase(100000)	5555555	37174875
RadixSortWithDynamicListsAndCustomBase(64)	5555555	162239250
RadixSortWithArraysAndCustomBase(131072)	5555555	40407375
RadixSortWithCountingSortAndCustomBase(100)	5555555	41806667
RecursiveMsdRadixSortWithArraysAndCustomBase(8192)	5555555	103500666
RadixSortWithCountingSortAndCustomBase(16)	5555555	61637084
RadixSortWithCountingSortAndCustomBase(32)	5555555	52450083
RadixSortWithArraysAndCustomBase(32)	5555555	57871375
RecursiveMsdRadixSortWithArraysAndCustomBase(2048)	5555555	113982250
RadixSortWithArraysAndCustomBase(100)	5555555	46676917
RecursiveMsdRadixSortWithArraysAndCustomBase(128)	5555555	137320291
RadixSortWithDynamicListsAndCustomBase(131072)	5555555	158199334
RadixSortWithCountingSortAndCustomBase(1000)	5555555	31545000
RadixSortWithCountingSortAndCustomBase(2)	5555555	339195083
RadixSortWithCountingSortAndCustomBase(10000)	5555555	21649625
RadixSortWithDynamicListsAndCustomBase(4)	5555555	303932875
RadixSortWithCountingSortAndCustomBase(4)	5555555	125147917
RadixSortWithCountingSortAndCustomBase(10)	5555555	71477542
RadixSortWithArraysAndCustomBase(128)	5555555	48930959
RadixSortWithDynamicListsAndCustomBase(32768)	5555555	125684750
RecursiveMsdRadixSortWithArraysAndCustomBase(512)	5555555	106581625
RecursiveMsdRadixSortWithArraysAndCustomBase(8192)	5555555	103855542
RadixSortWithDynamicListsAndCustomBase(8192)	5555555	104608208
RecursiveMsdRadixSortWithArraysAndCustomBase(1000)	5555555	107660208
RecursiveMsdRadixSortWithArraysAndCustomBase(131072)	5555555	110467125
RecursiveMsdRadixSortWithArraysAndCustomBase(16384)	5555555	103634375
RadixSortWithDynamicListsAndCustomBase(32)	5555555	188549125
RecursiveMsdRadixSortWithArraysAndCustomBase(100000)	5555555	108139208
RadixSortWithArraysAndCustomBase(2048)	5555555	40849583
RadixSortWithArraysAndCustomBase(65536)	5555555	32290792
RadixSortWithDynamicListsAndCustomBase(1000)	5555555	123379083
RecursiveMsdRadixSortWithArraysAndCustomBase(4096)	5555555	102832166
RadixSortWithArraysAndCustomBase(4096)	5555555	27955125
RadixSortWithDynamicListsAndCustomBase(1048576)	5555555	258321167
RadixSortWithDynamicListsAndCustomBase(262144)	5555555	188142708
RecursiveMsdRadixSortWithArraysAndCustomBase(1000000)	5555555	195052833
RadixSortWithDynamicListsAndCustomBase(2048)	5555555	122966917
RecursiveMsdRadixSortWithArraysAndCustomBase(32768)	5555555	105043000
RadixSortWithDynamicListsAndCustomBase(4096)	5555555	103282083
RadixSortWithDynamicLists	5555555	220729250
RecursiveMsdRadixSortWithArraysAndCustomBase(65536)	5555555	106374458
RadixSortWithArraysAndCustomBase(1048576)	5555555	83250750
RadixSortWithArraysAndCustomBase(100000)	5555555	35631750
RadixSortWithArraysAndCustomBase(524288)	5555555	62659958
RadixSortWithArraysAndCustomBase(1000000)	5555555	81449833
RadixSortWithDynamicListsAndCustomBase(10000)	5555555	108643958
RadixSortWithArraysAndCustomBase(512)	5555555	36204041
RadixSortWithArraysAndCustomBase(4)	5555555	143048375
RadixSortWithCountingSortAndCustomBase(1024)	5555555	31626791
RadixSortWithCountingSortAndCustomBase(65536)	5555555	23113459
RadixSortWithCountingSortAndCustomBase(256)	5555555	31831417
RecursiveMsdRadixSortWithArraysAndCustomBase(100)	5555555	137977792
RadixSortWithCountingSortAndCustomBase(1000000)	5555555	27493875
RecursiveMsdRadixSortWithArraysAndCustomBase(1048576)	5555555	197585875
RecursiveMsdRadixSortWithArraysAndCustomBase(2)	5555555	652335042
RadixSortWithCountingSortAndCustomBase(8)	5555555	82977042
RadixSortWithArraysAndCustomBase(2)	5555555	354514750
RadixSortWithDynamicListsAndCustomBase(128)	5555555	143969125
RadixSortWithDynamicListsAndCustomBase(16)	5555555	197848000
RadixSortWithArraysAndCustomBase(262144)	5555555	51931667
RadixSortWithDynamicListsAndCustomBase(8)	5555555	227848583
RadixSortWithDynamicListsAndCustomBase(524288)	5555555	210292875
RecursiveMsdRadixSortWithArraysAndCustomBase(256)	5555555	106430750
RadixSortWithDynamicListsAndCustomBase(100)	5555555	149248042
RecursiveMsdRadixSortWithArraysAndCustomBase(262144)	5555555	122478334
RecursiveMsdRadixSortWithArraysAndCustomBase(10)	5555555	200825375
RadixSortWithDynamicListsAndCustomBase(1024)	5555555	122334500
RadixSortWithArraysAndCustomBase(32)	5555555	57710959
RadixSortWithArraysAndCustomBase(8192)	5555555	28234458
RadixSortWithArraysAndCustomBase(256)	5555555	35607834
RadixSortWithCountingSortAndCustomBase(131072)	5555555	23711000
RadixSortWithCountingSortAndCustomBase(32768)	5555555	22103291
RadixSortWithArraysAndCustomBase(10)	5555555	81186375
RecursiveMsdRadixSortWithArraysAndCustomBase(8)	5555555	238940333
RecursiveMsdRadixSortWithArraysAndCustomBase(2048)	5555555	113928709
RadixSortWithCountingSortAndCustomBase(512)	5555555	31369875
RecursiveMsdRadixSortWithArraysAndCustomBase(16)	5555555	187102542
RecursiveMsdRadixSortWithArraysAndCustomBase(4)	5555555	350970084
RecursiveMsdRadixSortWithArraysAndCustomBase(524288)	5555555	156933584
RadixSortWithCountingSortAndCustomBase(2048)	5555555	34436041
RadixSortWithArrays	5555555	86574792
RadixSortWithCountingSortAndCustomBase(16)	5555555	63639041
RadixSortWithDynamicListsAndCustomBase(256)	5555555	123015125
RadixSortWithDynamicListsAndCustomBase(100000)	5555555	153658667
RadixSortWithArraysAndCustomBase(8)	5555555	94168167
RadixSortWithCountingSortAndCustomBase(100000)	5555555	23201334
RadixSortWithCountingSort	5555555	71684167
RecursiveMsdRadixSortWithArraysAndCustomBase(1024)	5555555	107566708
RadixSortWithDynamicListsAndCustomBase(64)	5555555	160494167
RadixSortWithCountingSortAndCustomBase(4096)	5555555	21562625
RadixSortWithDynamicListsAndCustomBase(10)	5555555	216590166
RecursiveMsdRadixSortWithArraysAndCustomBase(32)	5555555	149326750
RadixSortWithCountingSortAndCustomBase(64)	5555555	41392000
RadixSortWithArraysAndCustomBase(1024)	5555555	37460375
RecursiveMsdRadixSortWithArraysAndCustomBase(10000)	5555555	102758833
RadixSortWithDynamicListsAndCustomBase(1000000)	5555555	253388541
RadixSortWithCountingSortAndCustomBase(16384)	5555555	21681750
RecursiveMsdRadixSortWithArraysAndCustomBase(64)	5555555	138138750
RadixSortWithArraysAndCustomBase(1000)	5555555	37647458
RadixSortWithCountingSortAndCustomBase(262144)	5555555	25581167
RadixSortWithDynamicListsAndCustomBase(512)	5555555	125030916
RadixSortWithCountingSortAndCustomBase(8192)	5555555	21917792
RadixSortWithCountingSortAndCustomBase(100)	5555555	41655542
RadixSortWithDynamicListsAndCustomBase(2)	5555555	487357583
RadixSortWithCountingSortAndCustomBase(1048576)	5555555	28020542
RadixSortWithDynamicListsAndCustomBase(16384)	5555555	110357958
RadixSortWithCountingSortAndCustomBase(128)	5555555	43309333
RadixSortWithArraysAndCustomBase(131072)	5555555	38634125
RadixSortWithArraysAndCustomBase(64)	5555555	46542792
RadixSortWithDynamicListsAndCustomBase(65536)	5555555	141228000
RadixSortWithArraysAndCustomBase(10000)	5555555	28272459
RadixSortWithCountingSortAndCustomBase(524288)	5555555	26612791
RecursiveMsdRadixSortWithArrays	5555555	165618417
RadixSortWithArraysAndCustomBase(16)	5555555	69203958
RadixSortWithCountingSortAndCustomBase(32)	5555555	51632750
RadixSortWithArraysAndCustomBase(32768)	5555555	29849542
RadixSortWithArraysAndCustomBase(16384)	5555555	29457667
RadixSortWithDynamicListsAndCustomBase(1024)	5555555	122484166
RadixSortWithArraysAndCustomBase(16384)	5555555	29357292
RadixSortWithDynamicListsAndCustomBase(10)	5555555	213129500
RadixSortWithArraysAndCustomBase(2048)	5555555	40803709
RadixSortWithCountingSortAndCustomBase(2)	5555555	340620083
RadixSortWithArraysAndCustomBase(256)	5555555	35866125
RadixSortWithArraysAndCustomBase(8)	5555555	93675917
RadixSortWithDynamicListsAndCustomBase(128)	5555555	143281500
RecursiveMsdRadixSortWithArraysAndCustomBase(512)	5555555	105647250
RadixSortWithArraysAndCustomBase(100)	5555555	46472416
RadixSortWithArraysAndCustomBase(32768)	5555555	30205709
RadixSortWithCountingSortAndCustomBase(100000)	5555555	23198834
RadixSortWithCountingSortAndCustomBase(65536)	5555555	22656625
RadixSortWithCountingSortAndCustomBase(4)	5555555	124623791
RadixSortWithCountingSortAndCustomBase(10)	5555555	71383125
RadixSortWithDynamicListsAndCustomBase(64)	5555555	162093625
RadixSortWithArraysAndCustomBase(10)	5555555	81406333
RecursiveMsdRadixSortWithArraysAndCustomBase(524288)	5555555	160442292
RadixSortWithCountingSort	5555555	71849084
RadixSortWithDynamicListsAndCustomBase(16)	5555555	194196584
RecursiveMsdRadixSortWithArrays	5555555	165386041
RadixSortWithArraysAndCustomBase(32)	5555555	57802875
RecursiveMsdRadixSortWithArraysAndCustomBase(8)	5555555	239096541
RadixSortWithCountingSortAndCustomBase(32768)	5555555	22193458
RadixSortWithCountingSortAndCustomBase(16384)	5555555	21805542
RadixSortWithArraysAndCustomBase(4)	5555555	142807125
RadixSortWithDynamicListsAndCustomBase(100)	5555555	149819666
RadixSortWithCountingSortAndCustomBase(2048)	5555555	34398250
RecursiveMsdRadixSortWithArraysAndCustomBase(100)	5555555	136530750
RadixSortWithDynamicListsAndCustomBase(524288)	5555555	211418542
RadixSortWithCountingSortAndCustomBase(10000)	5555555	21686667
RadixSortWithArraysAndCustomBase(131072)	5555555	39239250
RecursiveMsdRadixSortWithArraysAndCustomBase(2)	5555555	654701458
RadixSortWithCountingSortAndCustomBase(64)	5555555	41311667
RadixSortWithArraysAndCustomBase(524288)	5555555	64692625
RadixSortWithCountingSortAndCustomBase(8192)	5555555	21581959
RadixSortWithArrays	5555555	86514750
RadixSortWithArraysAndCustomBase(1048576)	5555555	83718333
RadixSortWithArraysAndCustomBase(10000)	5555555	28424791
RadixSortWithCountingSortAndCustomBase(1000)	5555555	31548291
RadixSortWithDynamicListsAndCustomBase(32)	5555555	185577917
RadixSortWithArraysAndCustomBase(8192)	5555555	28207708
RecursiveMsdRadixSortWithArraysAndCustomBase(128)	5555555	136529291
RadixSortWithCountingSortAndCustomBase(100)	5555555	41169000
RadixSortWithDynamicListsAndCustomBase(1000000)	5555555	242695792
RadixSortWithArraysAndCustomBase(1000000)	5555555	81940292
RadixSortWithCountingSortAndCustomBase(1048576)	5555555	28518375
RadixSortWithArraysAndCustomBase(1000)	5555555	37400875
RadixSortWithDynamicListsAndCustomBase(131072)	5555555	161201292
RadixSortWithDynamicListsAndCustomBase(2)	5555555	488584250
RecursiveMsdRadixSortWithArraysAndCustomBase(4)	5555555	354062708
RadixSortWithCountingSortAndCustomBase(524288)	5555555	25535667
RadixSortWithDynamicLists	5555555	215679708
RadixSortWithCountingSortAndCustomBase(1024)	5555555	31647000
RecursiveMsdRadixSortWithArraysAndCustomBase(256)	5555555	106338416
RadixSortWithDynamicListsAndCustomBase(16384)	5555555	110811708
RecursiveMsdRadixSortWithArraysAndCustomBase(10)	5555555	200074709
RadixSortWithDynamicListsAndCustomBase(2048)	5555555	123214333
RadixSortWithCountingSortAndCustomBase(512)	5555555	31575709
RadixSortWithArraysAndCustomBase(100000)	5555555	35532167
RecursiveMsdRadixSortWithArraysAndCustomBase(1048576)	5555555	197762791
RadixSortWithDynamicListsAndCustomBase(1048576)	5555555	251555958
RadixSortWithCountingSortAndCustomBase(1000000)	5555555	27887875
RadixSortWithCountingSortAndCustomBase(128)	5555555	43052625
RadixSortWithCountingSortAndCustomBase(262144)	5555555	25386916
RecursiveMsdRadixSortWithArraysAndCustomBase(16384)	5555555	103189417
RadixSortWithArraysAndCustomBase(128)	5555555	48623875
RadixSortWithArraysAndCustomBase(4096)	5555555	27990167
RadixSortWithDynamicListsAndCustomBase(4)	5555555	301905125
RecursiveMsdRadixSortWithArraysAndCustomBase(131072)	5555555	110342792
RadixSortWithArraysAndCustomBase(1024)	5555555	37314792
RadixSortWithCountingSortAndCustomBase(131072)	5555555	23426083
RecursiveMsdRadixSortWithArraysAndCustomBase(2048)	5555555	113630500
RadixSortWithDynamicListsAndCustomBase(512)	5555555	125402167
RadixSortWithCountingSortAndCustomBase(4096)	5555555	21583833
RadixSortWithArraysAndCustomBase(2)	5555555	354010375
RadixSortWithDynamicListsAndCustomBase(256)	5555555	122639375
RecursiveMsdRadixSortWithArraysAndCustomBase(16)	5555555	186510709
RadixSortWithCountingSortAndCustomBase(256)	5555555	31639625
RadixSortWithCountingSortAndCustomBase(32)	5555555	51285208
RadixSortWithDynamicListsAndCustomBase(100000)	5555555	153305459
RecursiveMsdRadixSortWithArraysAndCustomBase(1000)	5555555	107006792
RadixSortWithDynamicListsAndCustomBase(4096)	5555555	102361917
RadixSortWithDynamicListsAndCustomBase(8192)	5555555	104530667
RecursiveMsdRadixSortWithArraysAndCustomBase(1024)	5555555	106462584
RadixSortWithArraysAndCustomBase(262144)	5555555	51437458
RadixSortWithCountingSortAndCustomBase(8)	5555555	82680667
RadixSortWithDynamicListsAndCustomBase(32768)	5555555	126687208
RadixSortWithDynamicListsAndCustomBase(262144)	5555555	197466916
RecursiveMsdRadixSortWithArraysAndCustomBase(8192)	5555555	105342458
RecursiveMsdRadixSortWithArraysAndCustomBase(4096)	5555555	102464625
RadixSortWithArraysAndCustomBase(16)	5555555	69040500
RadixSortWithCountingSortAndCustomBase(16)	5555555	61237458
RadixSortWithDynamicListsAndCustomBase(65536)	5555555	140976209
RecursiveMsdRadixSortWithArraysAndCustomBase(32)	5555555	148888042
RecursiveMsdRadixSortWithArraysAndCustomBase(65536)	5555555	106115042
RecursiveMsdRadixSortWithArraysAndCustomBase(64)	5555555	137028833
RadixSortWithArraysAndCustomBase(65536)	5555555	32628834
RecursiveMsdRadixSortWithArraysAndCustomBase(1000000)	5555555	201051500
RecursiveMsdRadixSortWithArraysAndCustomBase(32768)	5555555	108500083
RadixSortWithDynamicListsAndCustomBase(1000)	5555555	124928333
RadixSortWithDynamicListsAndCustomBase(8)	5555555	226966375
RecursiveMsdRadixSortWithArraysAndCustomBase(262144)	5555555	122624083
RadixSortWithDynamicListsAndCustomBase(10000)	5555555	108455542
RadixSortWithArraysAndCustomBase(512)	5555555	35916417
RadixSortWithArraysAndCustomBase(64)	5555555	46572917
RecursiveMsdRadixSortWithArraysAndCustomBase(10000)	5555555	102894250
RecursiveMsdRadixSortWithArraysAndCustomBase(100000)	5555555	110677125
RadixSortWithDynamicListsAndCustomBase(1000)	5555555	123383625
RadixSortWithDynamicListsAndCustomBase(1048576)	5555555	263415750
RecursiveMsdRadixSortWithArraysAndCustomBase(2048)	5555555	113034000
RadixSortWithCountingSortAndCustomBase(2)	5555555	338855125
RadixSortWithArraysAndCustomBase(128)	5555555	48531334
RadixSortWithArraysAndCustomBase(65536)	5555555	32588208
RadixSortWithDynamicListsAndCustomBase(32)	5555555	189900542
RecursiveMsdRadixSortWithArraysAndCustomBase(8)	5555555	235910417
RadixSortWithArraysAndCustomBase(16)	5555555	68931958
RadixSortWithDynamicListsAndCustomBase(128)	5555555	142826250
RadixSortWithCountingSortAndCustomBase(128)	5555555	42650500
RadixSortWithDynamicListsAndCustomBase(16384)	5555555	110336583
RadixSortWithCountingSortAndCustomBase(10)	5555555	71410292
RadixSortWithArrays	5555555	86515959
RadixSortWithArraysAndCustomBase(131072)	5555555	40721834
RadixSortWithCountingSortAndCustomBase(32)	5555555	51605584
RadixSortWithCountingSortAndCustomBase(100000)	5555555	22939542
RadixSortWithDynamicListsAndCustomBase(10000)	5555555	108849959
RadixSortWithDynamicListsAndCustomBase(8)	5555555	228196917
RecursiveMsdRadixSortWithArraysAndCustomBase(2)	5555555	654287375
RadixSortWithArraysAndCustomBase(100000)	5555555	36959167
RadixSortWithArraysAndCustomBase(10000)	5555555	28286500
RadixSortWithDynamicListsAndCustomBase(4096)	5555555	102818000
RadixSortWithDynamicListsAndCustomBase(524288)	5555555	212243667
RecursiveMsdRadixSortWithArraysAndCustomBase(1000)	5555555	107191792
RadixSortWithArraysAndCustomBase(16384)	5555555	29778625
RadixSortWithDynamicListsAndCustomBase(512)	5555555	125635833
RadixSortWithCountingSortAndCustomBase(2048)	5555555	34587750
RadixSortWithArraysAndCustomBase(2)	5555555	357914333
RadixSortWithDynamicListsAndCustomBase(100000)	5555555	154501333
RadixSortWithArraysAndCustomBase(10)	5555555	82104542
RecursiveMsdRadixSortWithArraysAndCustomBase(100)	5555555	138117875
RadixSortWithCountingSortAndCustomBase(256)	5555555	32154583
RadixSortWithArraysAndCustomBase(2048)	5555555	41764792
RadixSortWithCountingSortAndCustomBase(262144)	5555555	25485000
RadixSortWithCountingSortAndCustomBase(65536)	5555555	22937250
RecursiveMsdRadixSortWithArrays	5555555	167029584
RadixSortWithArraysAndCustomBase(32768)	5555555	30411500
RadixSortWithDynamicListsAndCustomBase(2)	5555555	493483166
RadixSortWithCountingSortAndCustomBase(1000)	5555555	32031458
RadixSortWithCountingSort	5555555	72084750
RadixSortWithArraysAndCustomBase(64)	5555555	47084500
RadixSortWithDynamicListsAndCustomBase(64)	5555555	163411958
RadixSortWithCountingSortAndCustomBase(1000000)	5555555	28709125
RecursiveMsdRadixSortWithArraysAndCustomBase(512)	5555555	107719334
RadixSortWithArraysAndCustomBase(8)	5555555	95749792
RadixSortWithCountingSortAndCustomBase(10000)	5555555	22108416
RadixSortWithCountingSortAndCustomBase(1024)	5555555	32038500
RadixSortWithDynamicListsAndCustomBase(65536)	5555555	143688375
RecursiveMsdRadixSortWithArraysAndCustomBase(262144)	5555555	123786750
RecursiveMsdRadixSortWithArraysAndCustomBase(100000)	5555555	110278625
RecursiveMsdRadixSortWithArraysAndCustomBase(128)	5555555	138675417
RadixSortWithDynamicLists	5555555	219360042
RecursiveMsdRadixSortWithArraysAndCustomBase(32)	5555555	150705833
RadixSortWithCountingSortAndCustomBase(4)	5555555	126507583
RecursiveMsdRadixSortWithArraysAndCustomBase(1024)	5555555	108460125
RecursiveMsdRadixSortWithArraysAndCustomBase(1000000)	5555555	198160250
RadixSortWithCountingSortAndCustomBase(131072)	5555555	24240042
RadixSortWithArraysAndCustomBase(262144)	5555555	51520375
RecursiveMsdRadixSortWithArraysAndCustomBase(1048576)	5555555	203042417
RadixSortWithDynamicListsAndCustomBase(262144)	5555555	190843750
RadixSortWithCountingSortAndCustomBase(16384)	5555555	21968416
RadixSortWithCountingSortAndCustomBase(8)	5555555	83139167
RadixSortWithCountingSortAndCustomBase(4096)	5555555	21764542
RecursiveMsdRadixSortWithArraysAndCustomBase(64)	5555555	139693167
RadixSortWithDynamicListsAndCustomBase(1024)	5555555	125588917
RadixSortWithArraysAndCustomBase(256)	5555555	36459584
RecursiveMsdRadixSortWithArraysAndCustomBase(16384)	5555555	105024667
RadixSortWithDynamicListsAndCustomBase(10)	5555555	214972292
RadixSortWithArraysAndCustomBase(4)	5555555	145637084
RadixSortWithArraysAndCustomBase(100)	5555555	47534959
RecursiveMsdRadixSortWithArraysAndCustomBase(65536)	5555555	107656500
RadixSortWithCountingSortAndCustomBase(16)	5555555	61328833
RadixSortWithArraysAndCustomBase(1000000)	5555555	81775250
RadixSortWithDynamicListsAndCustomBase(256)	5555555	121607333
RecursiveMsdRadixSortWithArraysAndCustomBase(16)	5555555	186111250
RadixSortWithArraysAndCustomBase(1000)	5555555	37483083
RadixSortWithArraysAndCustomBase(1024)	5555555	37629167
RadixSortWithCountingSortAndCustomBase(32768)	5555555	22074666
RadixSortWithDynamicListsAndCustomBase(32768)	5555555	125098583
RadixSortWithDynamicListsAndCustomBase(8192)	5555555	104103000
RecursiveMsdRadixSortWithArraysAndCustomBase(4096)	5555555	102145708
RecursiveMsdRadixSortWithArraysAndCustomBase(10000)	5555555	103808208
RecursiveMsdRadixSortWithArraysAndCustomBase(32768)	5555555	104189500
RecursiveMsdRadixSortWithArraysAndCustomBase(524288)	5555555	157455917
RadixSortWithArraysAndCustomBase(512)	5555555	36422666
RadixSortWithArraysAndCustomBase(524288)	5555555	63547917
RadixSortWithDynamicListsAndCustomBase(2048)	5555555	123395875
RecursiveMsdRadixSortWithArraysAndCustomBase(256)	5555555	105618167
RecursiveMsdRadixSortWithArraysAndCustomBase(131072)	5555555	109265542
RadixSortWithCountingSortAndCustomBase(1048576)	5555555	28183000
RadixSortWithCountingSortAndCustomBase(100)	5555555	41484083
RecursiveMsdRadixSortWithArraysAndCustomBase(10)	5555555	200213459
RadixSortWithDynamicListsAndCustomBase(131072)	5555555	158273208
RadixSortWithArraysAndCustomBase(8192)	5555555	28254458
RadixSortWithArraysAndCustomBase(32)	5555555	57569666
RadixSortWithCountingSortAndCustomBase(512)	5555555	31300416
RadixSortWithCountingSortAndCustomBase(8192)	5555555	21759000
RadixSortWithDynamicListsAndCustomBase(100)	5555555	148936667
RadixSortWithDynamicListsAndCustomBase(16)	5555555	196800875
RecursiveMsdRadixSortWithArraysAndCustomBase(8192)	5555555	102806583
RadixSortWithArraysAndCustomBase(4096)	5555555	27994459
RadixSortWithArraysAndCustomBase(1048576)	5555555	83066709
RecursiveMsdRadixSortWithArraysAndCustomBase(4)	5555555	353518417
RadixSortWithDynamicListsAndCustomBase(4)	5555555	300845208
RadixSortWithDynamicListsAndCustomBase(1000000)	5555555	245117209
RadixSortWithCountingSortAndCustomBase(64)	5555555	41493083
RadixSortWithCountingSortAndCustomBase(524288)	5555555	26530042
RadixSortWithArraysAndCustomBase(256)	5555555	35472250
RadixSortWithCountingSortAndCustomBase(64)	5555555	41458583
RecursiveMsdRadixSortWithArraysAndCustomBase(10)	5555555	199895875
RadixSortWithArraysAndCustomBase(4)	5555555	142917750
RadixSortWithDynamicListsAndCustomBase(4)	5555555	299881333
RadixSortWithCountingSortAndCustomBase(2048)	5555555	34460708
RadixSortWithDynamicListsAndCustomBase(1048576)	5555555	251776583
RadixSortWithArraysAndCustomBase(524288)	5555555	63361583
RadixSortWithCountingSortAndCustomBase(524288)	5555555	26064834
RadixSortWithCountingSortAndCustomBase(1000000)	5555555	26201000
RadixSortWithDynamicListsAndCustomBase(1024)	5555555	122690208
RadixSortWithDynamicListsAndCustomBase(4096)	5555555	102785166
RadixSortWithCountingSortAndCustomBase(1000)	5555555	31385625
RadixSortWithArraysAndCustomBase(65536)	5555555	31808750
RecursiveMsdRadixSortWithArraysAndCustomBase(100)	5555555	136357041
RadixSortWithCountingSortAndCustomBase(32768)	5555555	21946667
RecursiveMsdRadixSortWithArraysAndCustomBase(10000)	5555555	102348250
RadixSortWithArraysAndCustomBase(2048)	5555555	40720167
RecursiveMsdRadixSortWithArraysAndCustomBase(131072)	5555555	109664417
RadixSortWithDynamicListsAndCustomBase(32)	5555555	187489750
RadixSortWithArraysAndCustomBase(1000)	5555555	37487083
RadixSortWithArraysAndCustomBase(1000000)	5555555	81734583
RecursiveMsdRadixSortWithArraysAndCustomBase(16)	5555555	186706792
RadixSortWithDynamicLists	5555555	220563917
RadixSortWithArraysAndCustomBase(64)	5555555	46203375
RadixSortWithCountingSortAndCustomBase(128)	5555555	42935125
RadixSortWithDynamicListsAndCustomBase(100000)	5555555	152234500
RadixSortWithArraysAndCustomBase(32768)	5555555	30273625
RadixSortWithArraysAndCustomBase(4096)	5555555	27747083
RadixSortWithArraysAndCustomBase(8)	5555555	93694208
RecursiveMsdRadixSortWithArraysAndCustomBase(65536)	5555555	105982708
RecursiveMsdRadixSortWithArraysAndCustomBase(32)	5555555	148997583
RadixSortWithDynamicListsAndCustomBase(10)	5555555	216345708
RadixSortWithArraysAndCustomBase(10000)	5555555	28184208
RadixSortWithArraysAndCustomBase(512)	5555555	36035250
RadixSortWithCountingSortAndCustomBase(512)	5555555	31410000
RadixSortWithArraysAndCustomBase(16)	5555555	68863667
RecursiveMsdRadixSortWithArraysAndCustomBase(524288)	5555555	156683542
RadixSortWithDynamicListsAndCustomBase(8)	5555555	226922583
RadixSortWithDynamicListsAndCustomBase(262144)	5555555	186645167
RadixSortWithDynamicListsAndCustomBase(1000)	5555555	123543500
RecursiveMsdRadixSortWithArraysAndCustomBase(100000)	5555555	107562875
RadixSortWithCountingSortAndCustomBase(10)	5555555	71323125
RadixSortWithArraysAndCustomBase(100000)	5555555	36692958
RecursiveMsdRadixSortWithArraysAndCustomBase(262144)	5555555	122808375
RecursiveMsdRadixSortWithArraysAndCustomBase(32768)	5555555	103843250
RadixSortWithArrays	5555555	86505958
RadixSortWithDynamicListsAndCustomBase(8192)	5555555	104275917
RadixSortWithCountingSortAndCustomBase(8192)	5555555	21626917
RecursiveMsdRadixSortWithArraysAndCustomBase(1000000)	5555555	192097833
RadixSortWithCountingSortAndCustomBase(100000)	5555555	22917542
RadixSortWithArraysAndCustomBase(1024)	5555555	37202042
RadixSortWithDynamicListsAndCustomBase(64)	5555555	161536041
RadixSortWithCountingSortAndCustomBase(10000)	5555555	21667625
RadixSortWithArraysAndCustomBase(10)	5555555	81034625
RadixSortWithDynamicListsAndCustomBase(524288)	5555555	211243375
RadixSortWithDynamicListsAndCustomBase(128)	5555555	142461458
RadixSortWithCountingSort	5555555	71403375
RecursiveMsdRadixSortWithArraysAndCustomBase(4096)	5555555	101927708
RadixSortWithDynamicListsAndCustomBase(256)	5555555	122322209
RecursiveMsdRadixSortWithArraysAndCustomBase(16384)	5555555	103253792
RadixSortWithDynamicListsAndCustomBase(2)	5555555	484709750
RadixSortWithDynamicListsAndCustomBase(131072)	5555555	158471042
RadixSortWithCountingSortAndCustomBase(4)	5555555	124574708
RadixSortWithCountingSortAndCustomBase(8)	5555555	82835458
RadixSortWithArraysAndCustomBase(128)	5555555	48284291
RadixSortWithArraysAndCustomBase(32)	5555555	57457625
RecursiveMsdRadixSortWithArraysAndCustomBase(1000)	5555555	106704584
RadixSortWithCountingSortAndCustomBase(4096)	5555555	21522625
RadixSortWithCountingSortAndCustomBase(16)	5555555	61283666
RadixSortWithDynamicListsAndCustomBase(1000000)	5555555	246145708
RadixSortWithDynamicListsAndCustomBase(65536)	5555555	140762292
RecursiveMsdRadixSortWithArrays	5555555	164617041
RadixSortWithCountingSortAndCustomBase(131072)	5555555	23649250
RadixSortWithCountingSortAndCustomBase(256)	5555555	31397500
RadixSortWithCountingSortAndCustomBase(16384)	5555555	21636333
RadixSortWithCountingSortAndCustomBase(2)	5555555	339342958
RadixSortWithArraysAndCustomBase(100)	5555555	46544959
RadixSortWithCountingSortAndCustomBase(1048576)	5555555	28187875
RecursiveMsdRadixSortWithArraysAndCustomBase(8)	5555555	237573667
RecursiveMsdRadixSortWithArraysAndCustomBase(1024)	5555555	106564167
RadixSortWithCountingSortAndCustomBase(32)	5555555	51563708
RadixSortWithArraysAndCustomBase(8192)	5555555	28043208
RecursiveMsdRadixSortWithArraysAndCustomBase(2)	5555555	656762459
RadixSortWithDynamicListsAndCustomBase(100)	5555555	149531667
RadixSortWithDynamicListsAndCustomBase(512)	5555555	124045959
RadixSortWithDynamicListsAndCustomBase(10000)	5555555	108024458
RecursiveMsdRadixSortWithArraysAndCustomBase(64)	5555555	136640667
RecursiveMsdRadixSortWithArraysAndCustomBase(8192)	5555555	102446541
RecursiveMsdRadixSortWithArraysAndCustomBase(1048576)	5555555	195771750
RecursiveMsdRadixSortWithArraysAndCustomBase(512)	5555555	104934333
RadixSortWithArraysAndCustomBase(2)	5555555	354051500
RadixSortWithArraysAndCustomBase(16384)	5555555	29233541
RadixSortWithArraysAndCustomBase(131072)	5555555	40555375
RadixSortWithArraysAndCustomBase(1048576)	5555555	82863000
RadixSortWithDynamicListsAndCustomBase(16384)	5555555	109849250
RadixSortWithDynamicListsAndCustomBase(16)	5555555	192981208
RecursiveMsdRadixSortWithArraysAndCustomBase(256)	5555555	105302792
RadixSortWithCountingSortAndCustomBase(1024)	5555555	31410084
RadixSortWithCountingSortAndCustomBase(100)	5555555	41405959
RadixSortWithCountingSortAndCustomBase(65536)	5555555	22583291
RadixSortWithDynamicListsAndCustomBase(2048)	5555555	122660584
RadixSortWithCountingSortAndCustomBase(262144)	5555555	24500833
RadixSortWithDynamicListsAndCustomBase(32768)	5555555	125326375
RadixSortWithArraysAndCustomBase(262144)	5555555	51930000
RecursiveMsdRadixSortWithArraysAndCustomBase(2048)	5555555	113385875
RecursiveMsdRadixSortWithArraysAndCustomBase(128)	5555555	136642375
RecursiveMsdRadixSortWithArraysAndCustomBase(4)	5555555	353952209
